,Rk,Date,Comp,Round,Venue,Squad,Opponent,Start,Body Part,Minute,Score,Goalkeeper,Assist
0,1,2024-10-05,Saudi Professional League,Matchweek 6,Home,Al-Nassr,Al-Orobah,Y*,sin dato,17,0-0,Gaëtan Coucke,sin dato
1,2,2024-09-27,Saudi Professional League,Matchweek 5,Home,Al-Nassr,Al-Wehda,Y*,sin dato,56,1-0,Abdullah Al-Owaishir,sin dato
2,3,2024-09-20,Saudi Professional League,Matchweek 4,Away,Al-Nassr,Al-Ettifaq,Y*,sin dato,33,0-0,Marek Rodák,sin dato
3,4,2024-09-08,UEFA Nations League,League A,Home,Portugal,Scotland,N,sin dato,88,1-1,Angus Gunn,Nuno Mendes
4,5,2024-09-05,UEFA Nations League,League A,Home,Portugal,Croatia,Y*,sin dato,34,1-0,Dominik Livaković,Nuno Mendes
5,6,2024-08-27,Saudi Professional League,Matchweek 2,Away,Al-Nassr,Al-Fayha,Y*,sin dato,45+10,1-0,Abdulraouf Al Duqayl,sin dato
6,7,2024-08-22,Saudi Professional League,Matchweek 1,Home,Al-Nassr,Al-Raed,Y*,sin dato,34,0-0,Meshari Sunyur,Sadio Mané
7,8,2024-06-11,Friendlies (M),Friendlies (M),Home,Portugal,Rep. of Ireland,Y*,sin dato,60,2-0,Caoimhín Kelleher,Diogo Jota
8,9,2024-06-11,Friendlies (M),Friendlies (M),Home,Portugal,Rep. of Ireland,Y*,sin dato,50,1-0,Caoimhín Kelleher,Rúben Neves
9,10,2024-05-27,Pro League,Matchweek 34,Home,Al-Nassr,Al-Ittihad,Y*,sin dato,69,sin dato,sin dato,Marcelo Brozović
10,11,2024-05-27,Pro League,Matchweek 34,Home,Al-Nassr,Al-Ittihad,Y*,sin dato,45+3,sin dato,sin dato,Mohammed Al Fatil
11,12,2024-05-09,Pro League,Matchweek 31,Away,Al-Nassr,Al Okhdood SC,Y*,sin dato,15,sin dato,sin dato,Ali Al Hassan
12,13,2024-05-04,Pro League,Matchweek 30,Home,Al-Nassr,Al-Wehda,Y*,sin dato,52,sin dato,sin dato,Sadio Mané
13,14,2024-05-04,Pro League,Matchweek 30,Home,Al-Nassr,Al-Wehda,Y*,sin dato,12,sin dato,sin dato,Marcelo Brozović
14,15,2024-05-04,Pro League,Matchweek 30,Home,Al-Nassr,Al-Wehda,Y*,sin dato,5,sin dato,sin dato,sin dato
15,16,2024-04-02,Pro League,Matchweek 26,Away,Al-Nassr,Abha,Y*,sin dato,42,sin dato,sin dato,sin dato
16,17,2024-04-02,Pro League,Matchweek 26,Away,Al-Nassr,Abha,Y*,sin dato,21,sin dato,sin dato,sin dato
17,18,2024-04-02,Pro League,Matchweek 26,Away,Al-Nassr,Abha,Y*,sin dato,11,sin dato,sin dato,sin dato
18,19,2024-03-30,Pro League,Matchweek 25,Home,Al-Nassr,Al-Ta'ee,Y*,sin dato,87,sin dato,sin dato,Abdulmajeed Al-Sulayhem
19,20,2024-03-30,Pro League,Matchweek 25,Home,Al-Nassr,Al-Ta'ee,Y*,sin dato,67,sin dato,sin dato,sin dato
20,21,2024-03-30,Pro League,Matchweek 25,Home,Al-Nassr,Al-Ta'ee,Y*,sin dato,64,sin dato,sin dato,Sadio Mané
21,22,2024-03-15,Pro League,Matchweek 24,Away,Al-Nassr,Al-Ahli,Y*,sin dato,68,sin dato,sin dato,sin dato
22,23,2024-02-25,Pro League,Matchweek 21,Away,Al-Nassr,Al-Shabab,Y*,sin dato,21,sin dato,sin dato,sin dato
23,24,2024-02-17,Pro League,Matchweek 20,Home,Al-Nassr,Al-Fateh,Y*,sin dato,17,sin dato,sin dato,Sultan Al-Ghanam
24,25,2023-12-30,Pro League,Matchweek 19,Away,Al-Nassr,Al-Taawoun,Y*,sin dato,90+2,sin dato,sin dato,Seko Fofana
25,26,2023-12-26,Pro League,Matchweek 17,Away,Al-Nassr,Al-Ittihad,Y*,sin dato,68,sin dato,sin dato,sin dato
26,27,2023-12-26,Pro League,Matchweek 17,Away,Al-Nassr,Al-Ittihad,Y*,sin dato,19,sin dato,sin dato,sin dato
27,28,2023-12-22,Pro League,Matchweek 18,Home,Al-Nassr,Al-Ettifaq,Y*,sin dato,73,sin dato,sin dato,sin dato
28,29,2023-12-08,Pro League,Matchweek 16,Home,Al-Nassr,Al-Riyadh SC,Y*,sin dato,31,sin dato,sin dato,Sadio Mané
29,30,2023-11-24,Pro League,Matchweek 14,Home,Al-Nassr,Al Okhdood SC,Y*,sin dato,80,sin dato,sin dato,sin dato
30,31,2023-11-24,Pro League,Matchweek 14,Home,Al-Nassr,Al Okhdood SC,Y*,sin dato,77,sin dato,sin dato,sin dato
31,32,2023-11-16,UEFA Euro Qualifying,Group stage,Away,Portugal,Liechtenstein,Y*,sin dato,46,sin dato,sin dato,Diogo Jota
32,33,2023-11-11,Pro League,Matchweek 13,Away,Al-Nassr,Al-Wehda,Y*,sin dato,49,sin dato,sin dato,sin dato
33,34,2023-11-04,Pro League,Matchweek 12,Home,Al-Nassr,Al-Khaleej,Y*,sin dato,26,sin dato,sin dato,Abdulrahman Ghareeb
34,35,2023-10-21,Pro League,Matchweek 10,Home,Al-Nassr,Damac,Y*,sin dato,56,sin dato,sin dato,sin dato
35,36,2023-10-16,UEFA Euro Qualifying,Group stage,Away,Portugal,Bosnia & Herz'na,Y*,sin dato,20,sin dato,sin dato,João Félix
36,37,2023-10-16,UEFA Euro Qualifying,Group stage,Away,Portugal,Bosnia & Herz'na,Y*,sin dato,5,sin dato,sin dato,sin dato
37,38,2023-10-13,UEFA Euro Qualifying,Group stage,Home,Portugal,Slovakia,Y*,sin dato,72,sin dato,sin dato,Bruno Fernandes
38,39,2023-10-13,UEFA Euro Qualifying,Group stage,Home,Portugal,Slovakia,Y*,sin dato,29,sin dato,sin dato,sin dato
39,40,2023-09-29,Pro League,Matchweek 8,Away,Al-Nassr,Al-Ta'ee,Y*,sin dato,87,sin dato,sin dato,sin dato
40,41,2023-09-22,Pro League,Matchweek 7,Home,Al-Nassr,Al-Ahli,Y*,sin dato,52,sin dato,sin dato,Talisca
41,42,2023-09-22,Pro League,Matchweek 7,Home,Al-Nassr,Al-Ahli,Y*,sin dato,4,sin dato,sin dato,Sadio Mané
42,43,2023-09-16,Pro League,Matchweek 6,Away,Al-Nassr,Al-Raed,Y*,sin dato,78,sin dato,sin dato,Talisca
43,44,2023-09-02,Pro League,Matchweek 5,Away,Al-Nassr,Al-Hazem,Y*,sin dato,68,sin dato,sin dato,Abdulrahman Ghareeb
44,45,2023-08-29,Pro League,Matchweek 4,Home,Al-Nassr,Al-Shabab,Y*,sin dato,38,sin dato,sin dato,sin dato
45,46,2023-08-29,Pro League,Matchweek 4,Home,Al-Nassr,Al-Shabab,Y*,sin dato,13,sin dato,sin dato,sin dato
46,47,2023-08-25,Pro League,Matchweek 3,Away,Al-Nassr,Al-Fateh,Y*,sin dato,90+5,sin dato,sin dato,Nawaf Boushal
47,48,2023-08-25,Pro League,Matchweek 3,Away,Al-Nassr,Al-Fateh,Y*,sin dato,55,sin dato,sin dato,Abdulrahman Ghareeb
48,49,2023-08-25,Pro League,Matchweek 3,Away,Al-Nassr,Al-Fateh,Y*,sin dato,38,sin dato,sin dato,Sultan Al-Ghanam
49,50,2023-06-20,UEFA Euro Qualifying,Group stage,Away,Portugal,Iceland,Y*,sin dato,89,sin dato,sin dato,Gonçalo Inácio
50,51,2023-05-23,Pro League,Matchweek 28,Home,Al-Nassr,Al-Shabab,Y*,sin dato,59,sin dato,sin dato,Luiz Gustavo
51,52,2023-05-16,Pro League,Matchweek 27,Away,Al-Nassr,Al-Ta'ee,Y*,sin dato,52,sin dato,sin dato,sin dato
52,53,2023-04-28,Pro League,Matchweek 24,Home,Al-Nassr,Al-Raed,Y*,sin dato,4,sin dato,sin dato,Sultan Al-Ghanam
53,54,2023-04-04,Pro League,Matchweek 22,Away,Al-Nassr,Al-Adalah,Y*,sin dato,66,sin dato,sin dato,Talisca
54,55,2023-04-04,Pro League,Matchweek 22,Away,Al-Nassr,Al-Adalah,Y*,sin dato,40,sin dato,sin dato,sin dato
55,56,2023-03-26,UEFA Euro Qualifying,Group stage,Away,Portugal,Luxembourg,Y*,sin dato,31,sin dato,sin dato,Bruno Fernandes
56,57,2023-03-26,UEFA Euro Qualifying,Group stage,Away,Portugal,Luxembourg,Y*,sin dato,9,sin dato,sin dato,Nuno Mendes
57,58,2023-03-23,UEFA Euro Qualifying,Group stage,Home,Portugal,Liechtenstein,Y*,sin dato,63,sin dato,sin dato,sin dato
58,59,2023-03-23,UEFA Euro Qualifying,Group stage,Home,Portugal,Liechtenstein,Y*,sin dato,51,sin dato,sin dato,sin dato
59,60,2023-03-18,Pro League,Matchweek 21,Home,Al-Nassr,Abha,Y*,sin dato,78,sin dato,sin dato,sin dato
60,61,2023-02-25,Pro League,Matchweek 18,Away,Al-Nassr,Damac,Y*,sin dato,44,sin dato,sin dato,Aiman Yahya
61,62,2023-02-25,Pro League,Matchweek 18,Away,Al-Nassr,Damac,Y*,sin dato,23,sin dato,sin dato,Sultan Al-Ghanam
62,63,2023-02-25,Pro League,Matchweek 18,Away,Al-Nassr,Damac,Y*,sin dato,18,sin dato,sin dato,sin dato
63,64,2023-02-09,Pro League,Matchweek 16,Away,Al-Nassr,Al-Wehda,Y*,sin dato,61,sin dato,sin dato,sin dato
64,65,2023-02-09,Pro League,Matchweek 16,Away,Al-Nassr,Al-Wehda,Y*,sin dato,53,sin dato,sin dato,sin dato
65,66,2023-02-09,Pro League,Matchweek 16,Away,Al-Nassr,Al-Wehda,Y*,sin dato,40,sin dato,sin dato,Sami Al-Najei
66,67,2023-02-09,Pro League,Matchweek 16,Away,Al-Nassr,Al-Wehda,Y*,sin dato,21,sin dato,sin dato,Abdulrahman Ghareeb
67,68,2023-02-03,Pro League,Matchweek 15,Away,Al-Nassr,Al-Fateh,Y*,sin dato,90+3,sin dato,sin dato,sin dato
68,69,2022-11-24,World Cup,Group stage,Neutral,Portugal,Ghana,Y*,Right Foot,65,0-0,Lawrence Ati-Zigi,sin dato
69,70,2022-10-27,Europa Lg,Group stage,Home,Manchester Utd,Sheriff Tiraspol,Y,Left Foot,81,2-0,Maksym Koval,sin dato
70,71,2022-10-09,Premier League,Matchweek 10,Away,Manchester Utd,Everton,N,Left Foot,44,1-1,Jordan Pickford,Casemiro
71,72,2022-09-15,Europa Lg,Group stage,Away,Manchester Utd,Sheriff Tiraspol,Y,Right Foot,39,1-0,Maksym Koval,sin dato
72,73,2022-06-05,UEFA Nations League,League A,Home,Portugal,Switzerland,Y*,sin dato,39,sin dato,sin dato,Diogo Jota
73,74,2022-06-05,UEFA Nations League,League A,Home,Portugal,Switzerland,Y*,sin dato,35,sin dato,sin dato,Diogo Jota
74,75,2022-05-02,Premier League,Matchweek 35,Home,Manchester Utd,Brentford,Y,Right Foot,61,1-0,David Raya,sin dato
75,76,2022-04-28,Premier League,Matchweek 37,Home,Manchester Utd,Chelsea,Y,Right Foot,62,0-1,Edouard Mendy,Nemanja Matić
76,77,2022-04-23,Premier League,Matchweek 34,Away,Manchester Utd,Arsenal,Y,Left Foot,34,0-2,Aaron Ramsdale,Nemanja Matić
77,78,2022-04-16,Premier League,Matchweek 33,Home,Manchester Utd,Norwich City,Y,Right Foot,76,2-2,Tim Krul,sin dato
78,79,2022-04-16,Premier League,Matchweek 33,Home,Manchester Utd,Norwich City,Y,Head,32,1-0,Tim Krul,Alex Telles
79,80,2022-04-16,Premier League,Matchweek 33,Home,Manchester Utd,Norwich City,Y,Right Foot,7,0-0,Tim Krul,Anthony Elanga
80,81,2022-03-12,Premier League,Matchweek 29,Home,Manchester Utd,Tottenham,Y,Head,81,2-2,Hugo Lloris,Alex Telles
81,82,2022-03-12,Premier League,Matchweek 29,Home,Manchester Utd,Tottenham,Y,Right Foot,38,1-1,Hugo Lloris,Jadon Sancho
82,83,2022-03-12,Premier League,Matchweek 29,Home,Manchester Utd,Tottenham,Y,Right Foot,12,0-0,Hugo Lloris,Fred
83,84,2022-02-15,Premier League,Matchweek 18,Home,Manchester Utd,Brighton,Y,Right Foot,51,0-0,Robert Sánchez,Scott McTominay
84,85,2021-12-30,Premier League,Matchweek 20,Home,Manchester Utd,Burnley,Y,Right Foot,35,2-0,Wayne Hennessey,sin dato
85,86,2021-12-11,Premier League,Matchweek 16,Away,Manchester Utd,Norwich City,Y,Right Foot,75,0-0,Tim Krul,sin dato
86,87,2021-12-02,Premier League,Matchweek 14,Home,Manchester Utd,Arsenal,Y,Right Foot,70,2-2,Aaron Ramsdale,sin dato
87,88,2021-12-02,Premier League,Matchweek 14,Home,Manchester Utd,Arsenal,Y,Right Foot,52,1-1,Aaron Ramsdale,Marcus Rashford
88,89,2021-11-23,Champions Lg,Group stage,Away,Manchester Utd,Villarreal,Y,Right Foot,78,0-0,Gerónimo Rulli,sin dato
89,90,2021-11-02,Champions Lg,Group stage,Away,Manchester Utd,Atalanta,Y,Right Foot,90+1,1-2,Juan Musso,Mason Greenwood
90,91,2021-11-02,Champions Lg,Group stage,Away,Manchester Utd,Atalanta,Y,Right Foot,45+1,0-1,Juan Musso,Bruno Fernandes
91,92,2021-10-30,Premier League,Matchweek 10,Away,Manchester Utd,Tottenham,Y,Right Foot,39,0-0,Hugo Lloris,Bruno Fernandes
92,93,2021-10-20,Champions Lg,Group stage,Home,Manchester Utd,Atalanta,Y,Head,81,2-2,Juan Musso,Luke Shaw
93,94,2021-10-12,WCQ,First round,Home,Portugal,Luxembourg,Y*,sin dato,87,4-0,Anthony Moris,Rúben Neves
94,95,2021-10-12,WCQ,First round,Home,Portugal,Luxembourg,Y*,sin dato,13,1-0,Anthony Moris,sin dato
95,96,2021-10-12,WCQ,First round,Home,Portugal,Luxembourg,Y*,sin dato,8,0-0,Anthony Moris,sin dato
96,97,2021-10-09,Friendlies (M),Friendlies (M),Home,Portugal,Qatar,Y*,sin dato,37,0-0,Saad Al Sheeb,sin dato
97,98,2021-09-29,Champions Lg,Group stage,Home,Manchester Utd,Villarreal,Y,Right Foot,90+5,1-1,Gerónimo Rulli,Jesse Lingard
98,99,2021-09-19,Premier League,Matchweek 5,Away,Manchester Utd,West Ham,Y,Right Foot,35,0-1,Łukasz Fabiański,sin dato
99,100,2021-09-14,Champions Lg,Group stage,Away,Manchester Utd,Young Boys,Y,Right Foot,13,0-0,David von Ballmoos,Bruno Fernandes
100,101,2021-09-11,Premier League,Matchweek 4,Home,Manchester Utd,Newcastle Utd,Y,Left Foot,62,1-1,Freddie Woodman,Luke Shaw
101,102,2021-09-11,Premier League,Matchweek 4,Home,Manchester Utd,Newcastle Utd,Y,Right Foot,45+2,0-0,Freddie Woodman,sin dato
102,103,2021-09-01,WCQ,First round,Home,Portugal,Rep. of Ireland,Y*,sin dato,90+6,1-1,Gavin Bazunu,sin dato
103,104,2021-09-01,WCQ,First round,Home,Portugal,Rep. of Ireland,Y*,sin dato,89,0-1,Gavin Bazunu,sin dato
104,105,2021-06-23,UEFA Euro,Group stage,Neutral,Portugal,France,Y*,Right Foot,60,1-2,Hugo Lloris,sin dato
105,106,2021-06-23,UEFA Euro,Group stage,Neutral,Portugal,France,Y*,Right Foot,31,0-0,Hugo Lloris,sin dato
106,107,2021-06-19,UEFA Euro,Group stage,Neutral,Portugal,Germany,Y*,Left Foot,15,0-0,Manuel Neuer,Diogo Jota
107,108,2021-06-15,UEFA Euro,Group stage,Neutral,Portugal,Hungary,Y*,Left Foot,90+2,2-0,Péter Gulácsi,Rafa Silva
108,109,2021-06-15,UEFA Euro,Group stage,Neutral,Portugal,Hungary,Y*,Right Foot,87,1-0,Péter Gulácsi,sin dato
109,110,2021-06-09,Friendlies (M),Friendlies (M),Home,Portugal,Israel,Y*,sin dato,44,1-0,Ofir Marciano,Bruno Fernandes
110,111,2021-05-15,Serie A,Matchweek 37,Home,Juventus,Inter,Y,Right Foot,24,0-0,Samir Handanović,sin dato
111,112,2021-05-12,Serie A,Matchweek 36,Away,Juventus,Sassuolo,Y,Left Foot,45,1-0,Andrea Consigli,Adrien Rabiot
112,113,2021-05-02,Serie A,Matchweek 34,Away,Juventus,Udinese,Y,Head,89,1-1,Simone Scuffet,Adrien Rabiot
113,114,2021-05-02,Serie A,Matchweek 34,Away,Juventus,Udinese,Y,Right Foot,83,0-1,Simone Scuffet,sin dato
114,115,2021-04-07,Serie A,Matchweek 3,Home,Juventus,Napoli,Y,Right Foot,13,0-0,Alex Meret,Federico Chiesa
115,116,2021-04-03,Serie A,Matchweek 29,Away,Juventus,Torino,Y,Head,79,1-2,Salvatore Sirigu,Giorgio Chiellini
116,117,2021-03-30,WCQ,First round,Away,Portugal,Luxembourg,Y*,sin dato,51,1-1,Anthony Moris,João Cancelo
117,118,2021-03-14,Serie A,Matchweek 27,Away,Juventus,Cagliari,Y,Left Foot,32,2-0,Alessio Cragno,Federico Chiesa
118,119,2021-03-14,Serie A,Matchweek 27,Away,Juventus,Cagliari,Y,Right Foot,25,1-0,Alessio Cragno,sin dato
119,120,2021-03-14,Serie A,Matchweek 27,Away,Juventus,Cagliari,Y,Head,10,0-0,Alessio Cragno,Juan Cuadrado
120,121,2021-03-02,Serie A,Matchweek 25,Home,Juventus,Spezia,Y,Left Foot,89,2-0,Ivan Provedel,Rodrigo Bentancur
121,122,2021-02-27,Serie A,Matchweek 24,Away,Juventus,Hellas Verona,Y,Right Foot,49,0-0,Marco Silvestri,Federico Chiesa
122,123,2021-02-22,Serie A,Matchweek 23,Home,Juventus,Crotone,Y,Head,45+1,1-0,Alex Cordaz,Aaron Ramsey
123,124,2021-02-22,Serie A,Matchweek 23,Home,Juventus,Crotone,Y,Head,38,0-0,Alex Cordaz,Alex Sandro
124,125,2021-02-06,Serie A,Matchweek 21,Home,Juventus,Roma,Y,Left Foot,13,0-0,Pau López,Álvaro Morata
125,126,2021-02-02,Coppa Italia,Semi-finals,Away,Juventus,Inter,Y,sin dato,35,1-1,Samir Handanović,sin dato
126,127,2021-02-02,Coppa Italia,Semi-finals,Away,Juventus,Inter,Y,sin dato,26,0-1,Samir Handanović,sin dato
127,128,2021-01-20,Supercoppa,Supercoppa Italiana,Neutral,Juventus,Napoli,Y,sin dato,64,0-0,David Ospina,sin dato
128,129,2021-01-10,Serie A,Matchweek 17,Home,Juventus,Sassuolo,Y,Right Foot,90+2,2-1,Andrea Consigli,Danilo
129,130,2021-01-03,Serie A,Matchweek 15,Home,Juventus,Udinese,Y,Left Foot,70,2-0,Juan Musso,Rodrigo Bentancur
130,131,2021-01-03,Serie A,Matchweek 15,Home,Juventus,Udinese,Y,Right Foot,31,0-0,Juan Musso,Aaron Ramsey
131,132,2020-12-19,Serie A,Matchweek 13,Away,Juventus,Parma,Y,Left Foot,48,2-0,Luigi Sepe,Aaron Ramsey
132,133,2020-12-19,Serie A,Matchweek 13,Away,Juventus,Parma,Y,Head,26,1-0,Luigi Sepe,Álvaro Morata
133,134,2020-12-13,Serie A,Matchweek 11,Away,Juventus,Genoa,Y,Right Foot,89,2-1,Mattia Perin,sin dato
134,135,2020-12-13,Serie A,Matchweek 11,Away,Juventus,Genoa,Y,Right Foot,78,1-1,Mattia Perin,sin dato
135,136,2020-12-08,Champions Lg,Group stage,Away,Juventus,Barcelona,Y,Right Foot,52,2-0,Marc-André ter Stegen,sin dato
136,137,2020-12-08,Champions Lg,Group stage,Away,Juventus,Barcelona,Y,Right Foot,13,0-0,Marc-André ter Stegen,sin dato
137,138,2020-12-02,Champions Lg,Group stage,Home,Juventus,Dynamo Kyiv,Y,Right Foot,57,1-0,Heorhiy Bushchan,Álvaro Morata
138,139,2020-11-24,Champions Lg,Group stage,Home,Juventus,Ferencváros,Y,Left Foot,35,0-1,Dénes Dibusz,Juan Cuadrado
139,140,2020-11-21,Serie A,Matchweek 8,Home,Juventus,Cagliari,Y,Right Foot,42,1-0,Alessio Cragno,Merih Demiral
140,141,2020-11-21,Serie A,Matchweek 8,Home,Juventus,Cagliari,Y,Right Foot,38,0-0,Alessio Cragno,Álvaro Morata
141,142,2020-11-11,Friendlies (M),Friendlies (M),Home,Portugal,Andorra,N,sin dato,85,5-0,Josep Gómes,Mário Rui
142,143,2020-11-08,Serie A,Matchweek 7,Away,Juventus,Lazio,Y,Right Foot,15,0-0,Pepe Reina,Juan Cuadrado
143,144,2020-11-01,Serie A,Matchweek 6,Away,Juventus,Spezia,N,Right Foot,76,3-1,Ivan Provedel,sin dato
144,145,2020-11-01,Serie A,Matchweek 6,Away,Juventus,Spezia,N,Right Foot,59,1-1,Ivan Provedel,Álvaro Morata
145,146,2020-09-27,Serie A,Matchweek 2,Away,Juventus,Roma,Y,Head,69,1-2,Antonio Mirante,Danilo
146,147,2020-09-27,Serie A,Matchweek 2,Away,Juventus,Roma,Y,Right Foot,44,0-1,Antonio Mirante,sin dato
147,148,2020-09-20,Serie A,Matchweek 1,Home,Juventus,Sampdoria,Y,Right Foot,88,2-0,Emil Audero,Aaron Ramsey
148,149,2020-09-08,UEFA Nations League,League A,Away,Portugal,Sweden,Y*,sin dato,72,1-0,Robin Olsen,João Félix
149,150,2020-09-08,UEFA Nations League,League A,Away,Portugal,Sweden,Y*,sin dato,45+1,0-0,Robin Olsen,sin dato
150,151,2020-08-07,Champions Lg,Round of 16,Home,Juventus,Lyon,Y,Left Foot,60,1-1,Anthony Lopes,Federico Bernardeschi
151,152,2020-08-07,Champions Lg,Round of 16,Home,Juventus,Lyon,Y,Right Foot,43,0-1,Anthony Lopes,sin dato
152,153,2020-07-26,Serie A,Matchweek 36,Home,Juventus,Sampdoria,Y,Right Foot,45+7,0-0,Emil Audero,Miralem Pjanić
153,154,2020-07-20,Serie A,Matchweek 34,Home,Juventus,Lazio,Y,Left Foot,54,1-0,Thomas Strakosha,Paulo Dybala
154,155,2020-07-20,Serie A,Matchweek 34,Home,Juventus,Lazio,Y,Right Foot,51,0-0,Thomas Strakosha,sin dato
155,156,2020-07-11,Serie A,Matchweek 32,Home,Juventus,Atalanta,Y,Right Foot,90,1-2,Pierluigi Gollini,sin dato
156,157,2020-07-11,Serie A,Matchweek 32,Home,Juventus,Atalanta,Y,Right Foot,55,0-1,Pierluigi Gollini,sin dato
157,158,2020-07-07,Serie A,Matchweek 31,Away,Juventus,Milan,Y,Left Foot,53,1-0,Gianluigi Donnarumma,Juan Cuadrado
158,159,2020-07-04,Serie A,Matchweek 30,Home,Juventus,Torino,Y,Right Foot,61,2-1,Salvatore Sirigu,sin dato
159,160,2020-06-30,Serie A,Matchweek 29,Away,Juventus,Genoa,Y,Right Foot,56,1-0,Mattia Perin,Miralem Pjanić
160,161,2020-06-26,Serie A,Matchweek 28,Home,Juventus,Lecce,Y,Right Foot,62,1-0,Gabriel,sin dato
161,162,2020-06-22,Serie A,Matchweek 27,Away,Juventus,Bologna,Y,Right Foot,23,0-0,Łukasz Skorupski,sin dato
162,163,2020-02-22,Serie A,Matchweek 25,Away,Juventus,SPAL,Y,Right Foot,39,0-0,Etrit Berisha,Juan Cuadrado
163,164,2020-02-13,Coppa Italia,Semi-finals,Away,Juventus,Milan,Y,sin dato,90+1,0-1,Gianluigi Donnarumma,sin dato
164,165,2020-02-08,Serie A,Matchweek 23,Away,Juventus,Hellas Verona,Y,Right Foot,65,0-0,Marco Silvestri,Rodrigo Bentancur
165,166,2020-02-02,Serie A,Matchweek 22,Home,Juventus,Fiorentina,Y,Right Foot,80,1-0,Bartłomiej Drągowski,sin dato
166,167,2020-02-02,Serie A,Matchweek 22,Home,Juventus,Fiorentina,Y,Right Foot,40,0-0,Bartłomiej Drągowski,sin dato
167,168,2020-01-26,Serie A,Matchweek 21,Away,Juventus,Napoli,Y,Right Foot,90,0-2,Alex Meret,Rodrigo Bentancur
168,169,2020-01-22,Coppa Italia,Quarter-finals,Home,Juventus,Roma,Y,sin dato,26,0-0,Pau López,Gonzalo Higuaín
169,170,2020-01-19,Serie A,Matchweek 20,Home,Juventus,Parma,Y,Right Foot,58,1-1,Luigi Sepe,Paulo Dybala
170,171,2020-01-19,Serie A,Matchweek 20,Home,Juventus,Parma,Y,Right Foot,43,0-0,Luigi Sepe,Blaise Matuidi
171,172,2020-01-12,Serie A,Matchweek 19,Away,Juventus,Roma,Y,Right Foot,10,1-0,Pau López,sin dato
172,173,2020-01-06,Serie A,Matchweek 18,Home,Juventus,Cagliari,Y,Left Foot,82,3-0,Robin Olsen,Douglas Costa
173,174,2020-01-06,Serie A,Matchweek 18,Home,Juventus,Cagliari,Y,Right Foot,67,1-0,Robin Olsen,sin dato
174,175,2020-01-06,Serie A,Matchweek 18,Home,Juventus,Cagliari,Y,Right Foot,49,0-0,Robin Olsen,sin dato
175,176,2019-12-18,Serie A,Matchweek 17,Away,Juventus,Sampdoria,Y,Head,45,1-1,Emil Audero,Alex Sandro
176,177,2019-12-15,Serie A,Matchweek 16,Home,Juventus,Udinese,Y,Left Foot,37,1-0,Juan Musso,Gonzalo Higuaín
177,178,2019-12-15,Serie A,Matchweek 16,Home,Juventus,Udinese,Y,Right Foot,9,0-0,Juan Musso,sin dato
178,179,2019-12-11,Champions Lg,Group stage,Away,Juventus,Leverkusen,Y,Right Foot,75,0-0,Lukáš Hrádecký,Paulo Dybala
179,180,2019-12-07,Serie A,Matchweek 15,Away,Juventus,Lazio,Y,Right Foot,25,0-0,Thomas Strakosha,Rodrigo Bentancur
180,181,2019-12-01,Serie A,Matchweek 14,Home,Juventus,Sassuolo,Y,Right Foot,68,1-2,Stefano Turati,sin dato
181,182,2019-11-17,UEFA Euro Qualifying,Group stage,Away,Portugal,Luxembourg,Y,sin dato,86,1-0,Anthony Moris,Diogo Jota
182,183,2019-11-14,UEFA Euro Qualifying,Group stage,Home,Portugal,Lithuania,Y*,sin dato,65,5-0,Ernestas Šetkus,Bernardo Silva
183,184,2019-11-14,UEFA Euro Qualifying,Group stage,Home,Portugal,Lithuania,Y*,sin dato,22,1-0,Ernestas Šetkus,Gonçalo Paciência
184,185,2019-11-14,UEFA Euro Qualifying,Group stage,Home,Portugal,Lithuania,Y*,sin dato,7,0-0,Ernestas Šetkus,sin dato
185,186,2019-10-30,Serie A,Matchweek 10,Home,Juventus,Genoa,Y,Right Foot,90+6,1-1,Ionuț Radu,sin dato
186,187,2019-10-19,Serie A,Matchweek 8,Home,Juventus,Bologna,Y,Right Foot,19,0-0,Łukasz Skorupski,sin dato
187,188,2019-10-14,UEFA Euro Qualifying,Group stage,Away,Portugal,Ukraine,Y*,sin dato,72,0-2,Andriy Pyatov,sin dato
188,189,2019-10-11,UEFA Euro Qualifying,Group stage,Home,Portugal,Luxembourg,Y*,sin dato,65,1-0,Anthony Moris,sin dato
189,190,2019-10-01,Champions Lg,Group stage,Home,Juventus,Leverkusen,Y,Right Foot,88,2-0,Lukáš Hrádecký,Paulo Dybala
190,191,2019-09-28,Serie A,Matchweek 6,Home,Juventus,SPAL,Y,Head,78,1-0,Etrit Berisha,Paulo Dybala
191,192,2019-09-21,Serie A,Matchweek 4,Home,Juventus,Hellas Verona,Y,Right Foot,49,1-1,Marco Silvestri,sin dato
192,193,2019-09-10,UEFA Euro Qualifying,Group stage,Away,Portugal,Lithuania,Y*,sin dato,76,3-1,Ernestas Šetkus,Bernardo Silva
193,194,2019-09-10,UEFA Euro Qualifying,Group stage,Away,Portugal,Lithuania,Y*,sin dato,65,2-1,Ernestas Šetkus,Bernardo Silva
194,195,2019-09-10,UEFA Euro Qualifying,Group stage,Away,Portugal,Lithuania,Y*,sin dato,62,1-1,Ernestas Šetkus,Rafa Silva
195,196,2019-09-10,UEFA Euro Qualifying,Group stage,Away,Portugal,Lithuania,Y*,sin dato,7,0-0,Ernestas Šetkus,sin dato
196,197,2019-09-07,UEFA Euro Qualifying,Group stage,Away,Portugal,Serbia,Y*,sin dato,80,2-1,Marko Dmitrović,Bernardo Silva
197,198,2019-08-31,Serie A,Matchweek 2,Home,Juventus,Napoli,Y,Left Foot,62,2-0,Alex Meret,Douglas Costa
198,199,2019-06-05,UEFA Nations League,Semi-finals,Neutral,Portugal,Switzerland,Y*,sin dato,90,2-1,Yann Sommer,Gonçalo Guedes
199,200,2019-06-05,UEFA Nations League,Semi-finals,Neutral,Portugal,Switzerland,Y*,sin dato,88,1-1,Yann Sommer,Bernardo Silva
200,201,2019-06-05,UEFA Nations League,Semi-finals,Neutral,Portugal,Switzerland,Y*,sin dato,25,0-0,Yann Sommer,sin dato
201,202,2019-05-03,Serie A,Matchweek 35,Home,Juventus,Torino,Y,Head,84,0-1,Salvatore Sirigu,Leonardo Spinazzola
202,203,2019-04-27,Serie A,Matchweek 34,Away,Juventus,Inter,Y,Left Foot,62,0-1,Samir Handanović,Miralem Pjanić
203,204,2019-04-16,Champions Lg,Quarter-finals,Home,Juventus,Ajax,Y,Head,28,0-0,André Onana,Miralem Pjanić
204,205,2019-04-10,Champions Lg,Quarter-finals,Away,Juventus,Ajax,Y,Head,45,0-0,André Onana,João Cancelo
205,206,2019-03-12,Champions Lg,Round of 16,Home,Juventus,Atlético Madrid,Y,Right Foot,86,2-0,Jan Oblak,sin dato
206,207,2019-03-12,Champions Lg,Round of 16,Home,Juventus,Atlético Madrid,Y,Head,48,1-0,Jan Oblak,João Cancelo
207,208,2019-03-12,Champions Lg,Round of 16,Home,Juventus,Atlético Madrid,Y,Head,27,0-0,Jan Oblak,Federico Bernardeschi
208,209,2019-02-15,Serie A,Matchweek 24,Home,Juventus,Frosinone,Y,Right Foot,63,2-0,Marco Sportiello,Mario Mandžukić
209,210,2019-02-10,Serie A,Matchweek 23,Away,Juventus,Sassuolo,Y,Head,70,1-0,Andrea Consigli,Miralem Pjanić
210,211,2019-02-02,Serie A,Matchweek 22,Home,Juventus,Parma,Y,Head,66,2-1,Luigi Sepe,Mario Mandžukić
211,212,2019-02-02,Serie A,Matchweek 22,Home,Juventus,Parma,Y,Right Foot,36,0-0,Luigi Sepe,Blaise Matuidi
212,213,2019-01-27,Serie A,Matchweek 21,Away,Juventus,Lazio,Y,Right Foot,88,1-1,Thomas Strakosha,sin dato
213,214,2019-01-16,Supercoppa,Supercoppa Italiana,Neutral,Juventus,Milan,Y,sin dato,61,0-0,Gianluigi Donnarumma,Miralem Pjanić
214,215,2018-12-29,Serie A,Matchweek 19,Home,Juventus,Sampdoria,Y,Right Foot,65,1-1,Emil Audero,sin dato
215,216,2018-12-29,Serie A,Matchweek 19,Home,Juventus,Sampdoria,Y,Right Foot,2,0-0,Emil Audero,Paulo Dybala
216,217,2018-12-26,Serie A,Matchweek 18,Away,Juventus,Atalanta,N,Head,78,1-2,Etrit Berisha,Mario Mandžukić
217,218,2018-12-15,Serie A,Matchweek 16,Away,Juventus,Torino,Y,Right Foot,70,0-0,Salvador Ichazo,sin dato
218,219,2018-12-01,Serie A,Matchweek 14,Away,Juventus,Fiorentina,Y,Right Foot,79,2-0,Alban Lafont,sin dato
219,220,2018-11-24,Serie A,Matchweek 13,Home,Juventus,SPAL,Y,Left Foot,28,0-0,Alfred Gomis,Miralem Pjanić
220,221,2018-11-11,Serie A,Matchweek 12,Away,Juventus,Milan,Y,Right Foot,81,1-0,Gianluigi Donnarumma,sin dato
221,222,2018-11-07,Champions Lg,Group stage,Home,Juventus,Manchester Utd,Y,Right Foot,65,0-0,David de Gea,Leonardo Bonucci
222,223,2018-10-27,Serie A,Matchweek 10,Away,Juventus,Empoli,Y,Right Foot,70,1-1,Ivan Provedel,Blaise Matuidi
223,224,2018-10-27,Serie A,Matchweek 10,Away,Juventus,Empoli,Y,Right Foot,54,0-1,Ivan Provedel,sin dato
224,225,2018-10-20,Serie A,Matchweek 9,Home,Juventus,Genoa,Y,Right Foot,18,0-0,Ionuț Radu,sin dato
225,226,2018-10-06,Serie A,Matchweek 8,Away,Juventus,Udinese,Y,Left Foot,37,1-0,Simone Scuffet,Mario Mandžukić
226,227,2018-09-23,Serie A,Matchweek 5,Away,Juventus,Frosinone,Y,Left Foot,81,0-0,Marco Sportiello,sin dato
227,228,2018-09-16,Serie A,Matchweek 4,Home,Juventus,Sassuolo,Y,Left Foot,65,1-0,Andrea Consigli,Emre Can
228,229,2018-09-16,Serie A,Matchweek 4,Home,Juventus,Sassuolo,Y,Right Foot,50,0-0,Andrea Consigli,sin dato
229,230,2018-06-20,World Cup,Group stage,Neutral,Portugal,Morocco,Y*,Head,4,0-0,Munir,João Moutinho
230,231,2018-06-15,World Cup,Group stage,Neutral,Portugal,Spain,Y*,Right Foot,88,2-3,David de Gea,sin dato
231,232,2018-06-15,World Cup,Group stage,Neutral,Portugal,Spain,Y*,Left Foot,44,1-1,David de Gea,Gonçalo Guedes
232,233,2018-06-15,World Cup,Group stage,Neutral,Portugal,Spain,Y*,Right Foot,4,0-0,David de Gea,sin dato
233,234,2018-05-19,La Liga,Matchweek 38,Away,Real Madrid,Villarreal,Y,Head,32,1-0,Andrés Fernández,Marcelo
234,235,2018-05-06,La Liga,Matchweek 36,Away,Real Madrid,Barcelona,Y,Right Foot,14,0-1,Marc-André ter Stegen,Karim Benzema
235,236,2018-04-18,La Liga,Matchweek 33,Home,Real Madrid,Athletic Club,Y,Right Foot,87,0-1,Kepa Arrizabalaga,Luka Modrić
236,237,2018-04-11,Champions Lg,Quarter-finals,Home,Real Madrid,Juventus,Y,Right Foot,90+7,0-3,Wojciech Szczęsny,sin dato
237,238,2018-04-08,La Liga,Matchweek 31,Home,Real Madrid,Atlético Madrid,Y,Right Foot,53,0-0,Jan Oblak,Gareth Bale
238,239,2018-04-03,Champions Lg,Quarter-finals,Away,Real Madrid,Juventus,Y,Right Foot,64,1-0,Gianluigi Buffon,Dani Carvajal
239,240,2018-04-03,Champions Lg,Quarter-finals,Away,Real Madrid,Juventus,Y,Right Foot,3,0-0,Gianluigi Buffon,Isco
240,241,2018-03-23,Friendlies (M),Friendlies (M),Home,Portugal,Egypt,Y*,sin dato,90+4,1-1,Mohamed El-Shenawy,Ricardo Quaresma
241,242,2018-03-23,Friendlies (M),Friendlies (M),Home,Portugal,Egypt,Y*,sin dato,90+2,0-1,Mohamed El-Shenawy,Ricardo Quaresma
242,243,2018-03-18,La Liga,Matchweek 29,Home,Real Madrid,Girona,Y,Right Foot,90+1,5-3,Yassine Bounou,Toni Kroos
243,244,2018-03-18,La Liga,Matchweek 29,Home,Real Madrid,Girona,Y,Right Foot,64,3-1,Yassine Bounou,sin dato
244,245,2018-03-18,La Liga,Matchweek 29,Home,Real Madrid,Girona,Y,Left Foot,47,1-1,Yassine Bounou,Karim Benzema
245,246,2018-03-18,La Liga,Matchweek 29,Home,Real Madrid,Girona,Y,Left Foot,11,0-0,Yassine Bounou,Toni Kroos
246,247,2018-03-10,La Liga,Matchweek 28,Away,Real Madrid,Eibar,Y,Head,84,1-1,Marko Dmitrović,Dani Carvajal
247,248,2018-03-10,La Liga,Matchweek 28,Away,Real Madrid,Eibar,Y,Right Foot,34,0-0,Marko Dmitrović,Luka Modrić
248,249,2018-03-06,Champions Lg,Round of 16,Away,Real Madrid,Paris S-G,Y,Head,51,0-0,Alphonse Areola,Lucas Vázquez
249,250,2018-03-03,La Liga,Matchweek 27,Home,Real Madrid,Getafe,Y,Head,78,2-1,Emiliano Martínez,Marcelo
250,251,2018-03-03,La Liga,Matchweek 27,Home,Real Madrid,Getafe,Y,Left Foot,45+1,1-0,Emiliano Martínez,Karim Benzema
251,252,2018-02-24,La Liga,Matchweek 25,Home,Real Madrid,Alavés,Y*,Right Foot,61,2-0,Fernando Pacheco,Lucas Vázquez
252,253,2018-02-24,La Liga,Matchweek 25,Home,Real Madrid,Alavés,Y*,Left Foot,44,0-0,Fernando Pacheco,Karim Benzema
253,254,2018-02-18,La Liga,Matchweek 24,Away,Real Madrid,Betis,Y,Right Foot,65,3-2,Antonio Adán,Casemiro
254,255,2018-02-14,Champions Lg,Round of 16,Home,Real Madrid,Paris S-G,Y,Left Foot,83,1-1,Alphonse Areola,sin dato
255,256,2018-02-14,Champions Lg,Round of 16,Home,Real Madrid,Paris S-G,Y,Right Foot,45,0-1,Alphonse Areola,sin dato
256,257,2018-02-10,La Liga,Matchweek 23,Home,Real Madrid,Real Sociedad,Y,Left Foot,80,4-1,Gerónimo Rulli,sin dato
257,258,2018-02-10,La Liga,Matchweek 23,Home,Real Madrid,Real Sociedad,Y,Head,37,3-0,Gerónimo Rulli,Luka Modrić
258,259,2018-02-10,La Liga,Matchweek 23,Home,Real Madrid,Real Sociedad,Y,Right Foot,27,1-0,Gerónimo Rulli,Marcelo
259,260,2018-01-27,La Liga,Matchweek 21,Away,Real Madrid,Valencia,Y,Right Foot,38,1-0,Neto,sin dato
260,261,2018-01-27,La Liga,Matchweek 21,Away,Real Madrid,Valencia,Y,Right Foot,16,0-0,Neto,sin dato
261,262,2018-01-21,La Liga,Matchweek 20,Home,Real Madrid,La Coruña,Y,Head,84,5-1,Rubén,Lucas Vázquez
262,263,2018-01-21,La Liga,Matchweek 20,Home,Real Madrid,La Coruña,Y,Left Foot,78,4-1,Rubén,Casemiro
263,264,2017-12-09,La Liga,Matchweek 15,Home,Real Madrid,Sevilla,Y,Right Foot,31,2-0,Sergio Rico,sin dato
264,265,2017-12-09,La Liga,Matchweek 15,Home,Real Madrid,Sevilla,Y,Right Foot,23,1-0,Sergio Rico,Marco Asensio
265,266,2017-12-06,Champions Lg,Group stage,Home,Real Madrid,Dortmund,Y,Right Foot,12,1-0,Roman Bürki,Mateo Kovačić
266,267,2017-11-25,La Liga,Matchweek 13,Home,Real Madrid,Málaga,Y,Left Foot,76,2-2,Roberto,sin dato
267,268,2017-11-21,Champions Lg,Group stage,Away,Real Madrid,APOEL FC,Y,Left Foot,54,5-0,Nauzet Pérez,sin dato
268,269,2017-11-21,Champions Lg,Group stage,Away,Real Madrid,APOEL FC,Y,Head,49,4-0,Nauzet Pérez,Marcelo
269,270,2017-11-01,Champions Lg,Group stage,Away,Real Madrid,Tottenham,Y,Right Foot,80,0-3,Hugo Lloris,Borja Mayoral
270,271,2017-10-17,Champions Lg,Group stage,Home,Real Madrid,Tottenham,Y,Right Foot,43,0-1,Hugo Lloris,sin dato
271,272,2017-10-14,La Liga,Matchweek 8,Away,Real Madrid,Getafe,Y,Right Foot,85,1-1,Vicente Guaita,Isco
272,273,2017-10-07,WCQ,First round,Away,Portugal,Andorra,N,sin dato,63,0-0,Josep Gómes,sin dato
273,274,2017-09-26,Champions Lg,Group stage,Away,Real Madrid,Dortmund,Y,Right Foot,79,2-1,Roman Bürki,Luka Modrić
274,275,2017-09-26,Champions Lg,Group stage,Away,Real Madrid,Dortmund,Y,Left Foot,49,1-0,Roman Bürki,Gareth Bale
275,276,2017-09-13,Champions Lg,Group stage,Home,Real Madrid,APOEL FC,Y,Right Foot,51,1-0,Boy Waterman,sin dato
276,277,2017-09-13,Champions Lg,Group stage,Home,Real Madrid,APOEL FC,Y,Right Foot,12,0-0,Boy Waterman,Gareth Bale
277,278,2017-08-31,WCQ,First round,Home,Portugal,Faroe Islands,Y*,sin dato,64,3-1,Gunnar Nielsen,William Carvalho
278,279,2017-08-31,WCQ,First round,Home,Portugal,Faroe Islands,Y*,sin dato,29,1-0,Gunnar Nielsen,sin dato
279,280,2017-08-31,WCQ,First round,Home,Portugal,Faroe Islands,Y*,sin dato,3,0-0,Gunnar Nielsen,Bernardo Silva
280,281,2017-08-13,Supercopa de España,Supercopa de España,Neutral,Real Madrid,Barcelona,N,sin dato,80,1-1,Marc-André ter Stegen,Isco
281,282,2017-06-24,FIFA Confederations Cup,Group stage,Neutral,Portugal,New Zealand,Y*,sin dato,33,0-0,Stefan Marinovic,sin dato
282,283,2017-06-21,FIFA Confederations Cup,Group stage,Neutral,Portugal,Russia,Y*,sin dato,8,0-0,Igor Akinfeev,Raphaël Guerreiro
283,284,2017-06-09,WCQ,First round,Away,Portugal,Latvia,Y*,sin dato,63,1-0,Andris Vaņins,sin dato
284,285,2017-06-09,WCQ,First round,Away,Portugal,Latvia,Y*,sin dato,41,0-0,Andris Vaņins,José Fonte
285,286,2017-06-03,Champions Lg,Final,Neutral,Real Madrid,Juventus,Y,sin dato,64,2-1,Gianluigi Buffon,Luka Modrić
286,287,2017-06-03,Champions Lg,Final,Neutral,Real Madrid,Juventus,Y,sin dato,20,0-0,Gianluigi Buffon,Dani Carvajal
287,288,2017-05-21,La Liga,Matchweek 38,Away,Real Madrid,Málaga,Y,sin dato,2,0-0,Carlos Kameni,Isco
288,289,2017-05-17,La Liga,Matchweek 21,Away,Real Madrid,Celta Vigo,Y,sin dato,48,1-0,Sergio Álvarez,Isco
289,290,2017-05-17,La Liga,Matchweek 21,Away,Real Madrid,Celta Vigo,Y,sin dato,10,0-0,Sergio Álvarez,Isco
290,291,2017-05-14,La Liga,Matchweek 37,Home,Real Madrid,Sevilla,Y,sin dato,78,2-1,Sergio Rico,Toni Kroos
291,292,2017-05-14,La Liga,Matchweek 37,Home,Real Madrid,Sevilla,Y,sin dato,23,1-0,Sergio Rico,sin dato
292,293,2017-05-02,Champions Lg,Semi-finals,Home,Real Madrid,Atlético Madrid,Y,sin dato,86,2-0,Jan Oblak,Lucas Vázquez
293,294,2017-05-02,Champions Lg,Semi-finals,Home,Real Madrid,Atlético Madrid,Y,sin dato,73,1-0,Jan Oblak,Karim Benzema
294,295,2017-05-02,Champions Lg,Semi-finals,Home,Real Madrid,Atlético Madrid,Y,sin dato,10,0-0,Jan Oblak,Casemiro
295,296,2017-04-29,La Liga,Matchweek 35,Home,Real Madrid,Valencia,Y,sin dato,27,0-0,Diego Alves,Dani Carvajal
296,297,2017-04-18,Champions Lg,Quarter-finals,Home,Real Madrid,Bayern Munich,Y,sin dato,110,2-2,Manuel Neuer,Marcelo
297,298,2017-04-18,Champions Lg,Quarter-finals,Home,Real Madrid,Bayern Munich,Y,sin dato,105,1-2,Manuel Neuer,Sergio Ramos
298,299,2017-04-18,Champions Lg,Quarter-finals,Home,Real Madrid,Bayern Munich,Y,sin dato,76,0-1,Manuel Neuer,Casemiro
299,300,2017-04-12,Champions Lg,Quarter-finals,Away,Real Madrid,Bayern Munich,Y,sin dato,77,1-1,Manuel Neuer,Marco Asensio
300,301,2017-04-12,Champions Lg,Quarter-finals,Away,Real Madrid,Bayern Munich,Y,sin dato,47,0-1,Manuel Neuer,Dani Carvajal
301,302,2017-03-28,Friendlies (M),Friendlies (M),Home,Portugal,Sweden,Y*,sin dato,18,0-0,Karl-Johan Johnsson,Gelson Martins
302,303,2017-03-25,WCQ,First round,Home,Portugal,Hungary,Y*,sin dato,65,2-0,Péter Gulácsi,sin dato
303,304,2017-03-25,WCQ,First round,Home,Portugal,Hungary,Y*,sin dato,36,1-0,Péter Gulácsi,André Gomes
304,305,2017-03-12,La Liga,Matchweek 27,Home,Real Madrid,Betis,Y,sin dato,41,0-1,Antonio Adán,Marcelo
305,306,2017-03-01,La Liga,Matchweek 25,Home,Real Madrid,Las Palmas,Y,sin dato,89,2-3,Javi Varas,James Rodríguez
306,307,2017-03-01,La Liga,Matchweek 25,Home,Real Madrid,Las Palmas,Y,sin dato,86,1-3,Javi Varas,sin dato
307,308,2017-02-26,La Liga,Matchweek 24,Away,Real Madrid,Villarreal,Y,sin dato,74,1-2,Andrés Fernández,sin dato
308,309,2017-02-22,La Liga,Matchweek 16,Away,Real Madrid,Valencia,Y,sin dato,44,0-2,Diego Alves,Marcelo
309,310,2017-02-11,La Liga,Matchweek 22,Away,Real Madrid,Osasuna,Y,sin dato,24,0-0,Salvatore Sirigu,Karim Benzema
310,311,2017-01-29,La Liga,Matchweek 20,Home,Real Madrid,Real Sociedad,Y,sin dato,51,1-0,Gerónimo Rulli,Mateo Kovačić
311,312,2017-01-25,Copa del Rey,Quarter-finals,Away,Real Madrid,Celta Vigo,Y,sin dato,62,0-1,Sergio Álvarez,sin dato
312,313,2017-01-15,La Liga,Matchweek 18,Away,Real Madrid,Sevilla,Y,sin dato,67,0-0,Sergio Rico,sin dato
313,314,2017-01-07,La Liga,Matchweek 17,Home,Real Madrid,Granada,Y,sin dato,27,2-0,Guillermo Ochoa,Marcelo
314,315,2016-11-26,La Liga,Matchweek 13,Home,Real Madrid,Sporting Gijón,Y,sin dato,18,1-0,Diego Mariño,Nacho
315,316,2016-11-26,La Liga,Matchweek 13,Home,Real Madrid,Sporting Gijón,Y,sin dato,5,0-0,Diego Mariño,sin dato
316,317,2016-11-19,La Liga,Matchweek 12,Away,Real Madrid,Atlético Madrid,Y,sin dato,77,2-0,Jan Oblak,Gareth Bale
317,318,2016-11-19,La Liga,Matchweek 12,Away,Real Madrid,Atlético Madrid,Y,sin dato,71,1-0,Jan Oblak,sin dato
318,319,2016-11-19,La Liga,Matchweek 12,Away,Real Madrid,Atlético Madrid,Y,sin dato,23,0-0,Jan Oblak,sin dato
319,320,2016-11-13,WCQ,First round,Home,Portugal,Latvia,Y*,sin dato,85,2-1,Andris Vaņins,Ricardo Quaresma
320,321,2016-11-13,WCQ,First round,Home,Portugal,Latvia,Y*,sin dato,28,0-0,Andris Vaņins,sin dato
321,322,2016-10-29,La Liga,Matchweek 10,Away,Real Madrid,Alavés,Y,sin dato,88,3-1,Fernando Pacheco,Marcelo
322,323,2016-10-29,La Liga,Matchweek 10,Away,Real Madrid,Alavés,Y,sin dato,33,1-1,Fernando Pacheco,Karim Benzema
323,324,2016-10-29,La Liga,Matchweek 10,Away,Real Madrid,Alavés,Y,sin dato,17,0-1,Fernando Pacheco,sin dato
324,325,2016-10-15,La Liga,Matchweek 8,Away,Real Madrid,Betis,Y,sin dato,78,5-1,Antonio Adán,Álvaro Morata
325,326,2016-10-10,WCQ,First round,Away,Portugal,Faroe Islands,Y*,sin dato,65,3-0,Gunnar Nielsen,João Mário
326,327,2016-10-07,WCQ,First round,Home,Portugal,Andorra,Y*,sin dato,68,4-0,Josep Gómes,José Fonte
327,328,2016-10-07,WCQ,First round,Home,Portugal,Andorra,Y*,sin dato,47,3-0,Josep Gómes,André Gomes
328,329,2016-10-07,WCQ,First round,Home,Portugal,Andorra,Y*,sin dato,4,1-0,Josep Gómes,Ricardo Quaresma
329,330,2016-10-07,WCQ,First round,Home,Portugal,Andorra,Y*,sin dato,2,0-0,Josep Gómes,sin dato
330,331,2016-09-27,Champions Lg,Group stage,Away,Real Madrid,Dortmund,Y,sin dato,17,0-0,Roman Bürki,Gareth Bale
331,332,2016-09-14,Champions Lg,Group stage,Home,Real Madrid,Sporting CP,Y,sin dato,89,0-1,Rui Patrício,sin dato
332,333,2016-09-10,La Liga,Matchweek 3,Home,Real Madrid,Osasuna,Y,sin dato,6,0-0,Nauzet Pérez,Gareth Bale
333,334,2016-07-06,UEFA Euro,Semi-finals,Neutral,Portugal,Wales,Y*,sin dato,50,0-0,Wayne Hennessey,Raphaël Guerreiro
334,335,2016-06-22,UEFA Euro,Group stage,Neutral,Portugal,Hungary,Y*,sin dato,62,2-3,Gábor Király,Ricardo Quaresma
335,336,2016-06-22,UEFA Euro,Group stage,Neutral,Portugal,Hungary,Y*,sin dato,50,1-2,Gábor Király,João Mário
336,337,2016-06-08,Friendlies (M),Friendlies (M),Home,Portugal,Estonia,Y*,sin dato,45,2-0,Pavel Londak,João Mário
337,338,2016-06-08,Friendlies (M),Friendlies (M),Home,Portugal,Estonia,Y*,sin dato,36,0-0,Pavel Londak,Ricardo Quaresma
338,339,2016-05-14,La Liga,Matchweek 38,Away,Real Madrid,La Coruña,Y,sin dato,25,1-0,Stipe Pletikosa,Toni Kroos
339,340,2016-05-14,La Liga,Matchweek 38,Away,Real Madrid,La Coruña,Y,sin dato,7,0-0,Stipe Pletikosa,Karim Benzema
340,341,2016-05-08,La Liga,Matchweek 37,Home,Real Madrid,Valencia,Y,sin dato,59,2-1,Diego Alves,James Rodríguez
341,342,2016-05-08,La Liga,Matchweek 37,Home,Real Madrid,Valencia,Y,sin dato,26,0-0,Diego Alves,Marcelo
342,343,2016-04-16,La Liga,Matchweek 33,Away,Real Madrid,Getafe,Y,sin dato,90+2,4-1,Vicente Guaita,Jesé
343,344,2016-04-12,Champions Lg,Quarter-finals,Home,Real Madrid,Wolfsburg,Y,sin dato,77,2-0,Diego Benaglio,sin dato
344,345,2016-04-12,Champions Lg,Quarter-finals,Home,Real Madrid,Wolfsburg,Y,sin dato,17,1-0,Diego Benaglio,Toni Kroos
345,346,2016-04-12,Champions Lg,Quarter-finals,Home,Real Madrid,Wolfsburg,Y,sin dato,15,0-0,Diego Benaglio,Dani Carvajal
346,347,2016-04-09,La Liga,Matchweek 32,Home,Real Madrid,Eibar,Y,sin dato,19,2-0,Asier Riesgo,Jesé
347,348,2016-04-02,La Liga,Matchweek 31,Away,Real Madrid,Barcelona,Y,sin dato,85,1-1,Claudio Bravo,Gareth Bale
348,349,2016-03-29,Friendlies (M),Friendlies (M),Home,Portugal,Belgium,Y*,sin dato,40,1-0,Thibaut Courtois,João Mário
349,350,2016-03-20,La Liga,Matchweek 30,Home,Real Madrid,Sevilla,Y,sin dato,64,1-0,Sergio Rico,Danilo
350,351,2016-03-08,Champions Lg,Round of 16,Home,Real Madrid,Roma,Y,sin dato,64,0-0,Wojciech Szczęsny,Lucas Vázquez
351,352,2016-03-05,La Liga,Matchweek 28,Home,Real Madrid,Celta Vigo,Y,sin dato,76,4-1,Rubén Blanco,Jesé
352,353,2016-03-05,La Liga,Matchweek 28,Home,Real Madrid,Celta Vigo,Y,sin dato,64,3-1,Rubén Blanco,Isco
353,354,2016-03-05,La Liga,Matchweek 28,Home,Real Madrid,Celta Vigo,Y,sin dato,58,2-0,Rubén Blanco,sin dato
354,355,2016-03-05,La Liga,Matchweek 28,Home,Real Madrid,Celta Vigo,Y,sin dato,50,1-0,Rubén Blanco,Sergio Ramos
355,356,2016-03-02,La Liga,Matchweek 27,Away,Real Madrid,Levante,Y,sin dato,34,0-0,Diego Mariño,sin dato
356,357,2016-02-21,La Liga,Matchweek 25,Away,Real Madrid,Málaga,Y,sin dato,33,0-0,Carlos Kameni,Toni Kroos
357,358,2016-02-17,Champions Lg,Round of 16,Away,Real Madrid,Roma,Y,sin dato,57,0-0,Wojciech Szczęsny,Marcelo
358,359,2016-02-13,La Liga,Matchweek 24,Home,Real Madrid,Athletic Club,Y,sin dato,87,3-1,Gorka Iraizoz,Lucas Vázquez
359,360,2016-02-13,La Liga,Matchweek 24,Home,Real Madrid,Athletic Club,Y,sin dato,3,0-0,Gorka Iraizoz,Karim Benzema
360,361,2016-01-31,La Liga,Matchweek 22,Home,Real Madrid,Espanyol,Y,sin dato,82,4-0,Giedrius Arlauskis,Jesé
361,362,2016-01-31,La Liga,Matchweek 22,Home,Real Madrid,Espanyol,Y,sin dato,45,3-0,Giedrius Arlauskis,sin dato
362,363,2016-01-31,La Liga,Matchweek 22,Home,Real Madrid,Espanyol,Y,sin dato,12,1-0,Giedrius Arlauskis,sin dato
363,364,2016-01-17,La Liga,Matchweek 20,Home,Real Madrid,Sporting Gijón,Y,sin dato,18,3-0,Iván Cuéllar,Dani Carvajal
364,365,2016-01-17,La Liga,Matchweek 20,Home,Real Madrid,Sporting Gijón,Y,sin dato,9,1-0,Iván Cuéllar,Karim Benzema
365,366,2015-12-30,La Liga,Matchweek 17,Home,Real Madrid,Real Sociedad,Y,sin dato,67,1-1,Gerónimo Rulli,Marcelo
366,367,2015-12-30,La Liga,Matchweek 17,Home,Real Madrid,Real Sociedad,Y,sin dato,42,0-0,Gerónimo Rulli,sin dato
367,368,2015-12-20,La Liga,Matchweek 16,Home,Real Madrid,Rayo Vallecano,Y,sin dato,53,5-2,Yoel,James Rodríguez
368,369,2015-12-20,La Liga,Matchweek 16,Home,Real Madrid,Rayo Vallecano,Y,sin dato,30,2-2,Yoel,sin dato
369,370,2015-12-08,Champions Lg,Group stage,Home,Real Madrid,Malmö,Y,sin dato,58,5-0,Johan Wiland,Isco
370,371,2015-12-08,Champions Lg,Group stage,Home,Real Madrid,Malmö,Y,sin dato,50,4-0,Johan Wiland,Danilo
371,372,2015-12-08,Champions Lg,Group stage,Home,Real Madrid,Malmö,Y,sin dato,47,3-0,Johan Wiland,sin dato
372,373,2015-12-08,Champions Lg,Group stage,Home,Real Madrid,Malmö,Y,sin dato,39,2-0,Johan Wiland,sin dato
373,374,2015-12-05,La Liga,Matchweek 14,Home,Real Madrid,Getafe,Y,sin dato,38,3-0,Vicente Guaita,Toni Kroos
374,375,2015-11-29,La Liga,Matchweek 13,Away,Real Madrid,Eibar,Y,sin dato,82,1-0,Asier Riesgo,sin dato
375,376,2015-11-25,Champions Lg,Group stage,Away,Real Madrid,Shakhtar,Y,sin dato,70,3-0,Andriy Pyatov,sin dato
376,377,2015-11-25,Champions Lg,Group stage,Away,Real Madrid,Shakhtar,Y,sin dato,18,0-0,Andriy Pyatov,Gareth Bale
377,378,2015-10-31,La Liga,Matchweek 10,Home,Real Madrid,Las Palmas,Y,sin dato,14,1-0,Javi Varas,Marcelo
378,379,2015-10-24,La Liga,Matchweek 9,Away,Real Madrid,Celta Vigo,Y,sin dato,8,0-0,Sergio Álvarez,Lucas Vázquez
379,380,2015-10-17,La Liga,Matchweek 8,Home,Real Madrid,Levante,Y,sin dato,30,1-0,Rubén,Toni Kroos
380,381,2015-09-30,Champions Lg,Group stage,Away,Real Madrid,Malmö,Y*,sin dato,90,1-0,Johan Wiland,Lucas Vázquez
381,382,2015-09-30,Champions Lg,Group stage,Away,Real Madrid,Malmö,Y*,sin dato,29,0-0,Johan Wiland,Isco
382,383,2015-09-15,Champions Lg,Group stage,Home,Real Madrid,Shakhtar,Y,sin dato,81,3-0,Andriy Pyatov,sin dato
383,384,2015-09-15,Champions Lg,Group stage,Home,Real Madrid,Shakhtar,Y,sin dato,63,2-0,Andriy Pyatov,sin dato
384,385,2015-09-15,Champions Lg,Group stage,Home,Real Madrid,Shakhtar,Y,sin dato,55,1-0,Andriy Pyatov,sin dato
385,386,2015-09-12,La Liga,Matchweek 3,Away,Real Madrid,Espanyol,Y,sin dato,81,5-0,Pau López,Lucas Vázquez
386,387,2015-09-12,La Liga,Matchweek 3,Away,Real Madrid,Espanyol,Y,sin dato,61,4-0,Pau López,sin dato
387,388,2015-09-12,La Liga,Matchweek 3,Away,Real Madrid,Espanyol,Y,sin dato,20,2-0,Pau López,Gareth Bale
388,389,2015-09-12,La Liga,Matchweek 3,Away,Real Madrid,Espanyol,Y,sin dato,17,1-0,Pau López,sin dato
389,390,2015-09-12,La Liga,Matchweek 3,Away,Real Madrid,Espanyol,Y,sin dato,7,0-0,Pau López,Luka Modrić
390,391,2015-06-13,UEFA Euro Qualifying,Group stage,Away,Portugal,Armenia,Y*,sin dato,58,2-1,Roman Berezovsky,Rui Patrício
391,392,2015-06-13,UEFA Euro Qualifying,Group stage,Away,Portugal,Armenia,Y*,sin dato,55,1-1,Roman Berezovsky,Bruno Alves
392,393,2015-06-13,UEFA Euro Qualifying,Group stage,Away,Portugal,Armenia,Y*,sin dato,29,0-1,Roman Berezovsky,sin dato
393,394,2015-05-23,La Liga,Matchweek 38,Home,Real Madrid,Getafe,Y,sin dato,34,2-2,Jordi Codina,sin dato
394,395,2015-05-23,La Liga,Matchweek 38,Home,Real Madrid,Getafe,Y,sin dato,32,1-2,Jordi Codina,sin dato
395,396,2015-05-23,La Liga,Matchweek 38,Home,Real Madrid,Getafe,Y,sin dato,13,0-0,Jordi Codina,Marcelo
396,397,2015-05-17,La Liga,Matchweek 37,Away,Real Madrid,Espanyol,Y,sin dato,90+1,3-1,Kiko Casilla,James Rodríguez
397,398,2015-05-17,La Liga,Matchweek 37,Away,Real Madrid,Espanyol,Y,sin dato,83,2-1,Kiko Casilla,sin dato
398,399,2015-05-17,La Liga,Matchweek 37,Away,Real Madrid,Espanyol,Y,sin dato,59,0-0,Kiko Casilla,Karim Benzema
399,400,2015-05-13,Champions Lg,Semi-finals,Home,Real Madrid,Juventus,Y,sin dato,23,0-0,Gianluigi Buffon,sin dato
400,401,2015-05-05,Champions Lg,Semi-finals,Away,Real Madrid,Juventus,Y,sin dato,27,0-1,Gianluigi Buffon,James Rodríguez
401,402,2015-05-02,La Liga,Matchweek 35,Away,Real Madrid,Sevilla,Y,sin dato,68,2-1,Sergio Rico,Gareth Bale
402,403,2015-05-02,La Liga,Matchweek 35,Away,Real Madrid,Sevilla,Y,sin dato,37,1-0,Sergio Rico,Javier Hernández
403,404,2015-05-02,La Liga,Matchweek 35,Away,Real Madrid,Sevilla,Y,sin dato,36,0-0,Sergio Rico,Isco
404,405,2015-04-18,La Liga,Matchweek 32,Home,Real Madrid,Málaga,Y,sin dato,90+2,2-1,Carlos Kameni,Javier Hernández
405,406,2015-04-11,La Liga,Matchweek 31,Home,Real Madrid,Eibar,Y,sin dato,21,0-0,Xabi Irureta,sin dato
406,407,2015-04-08,La Liga,Matchweek 30,Away,Real Madrid,Rayo Vallecano,Y,sin dato,68,0-0,David Cobeño,Dani Carvajal
407,408,2015-04-05,La Liga,Matchweek 29,Home,Real Madrid,Granada,Y,sin dato,89,8-1,Oier Olazábal,Luka Modrić
408,409,2015-04-05,La Liga,Matchweek 29,Home,Real Madrid,Granada,Y,sin dato,54,5-0,Oier Olazábal,sin dato
409,410,2015-04-05,La Liga,Matchweek 29,Home,Real Madrid,Granada,Y,sin dato,38,3-0,Oier Olazábal,Gareth Bale
410,411,2015-04-05,La Liga,Matchweek 29,Home,Real Madrid,Granada,Y,sin dato,36,2-0,Oier Olazábal,sin dato
411,412,2015-04-05,La Liga,Matchweek 29,Home,Real Madrid,Granada,Y,sin dato,30,1-0,Oier Olazábal,James Rodríguez
412,413,2015-03-22,La Liga,Matchweek 28,Away,Real Madrid,Barcelona,Y,sin dato,31,0-1,Claudio Bravo,Karim Benzema
413,414,2015-03-10,Champions Lg,Round of 16,Home,Real Madrid,Schalke 04,Y,sin dato,45,1-2,Timon Wellenreuther,Fábio Coentrão
414,415,2015-03-10,Champions Lg,Round of 16,Home,Real Madrid,Schalke 04,Y,sin dato,25,0-1,Timon Wellenreuther,Toni Kroos
415,416,2015-03-01,La Liga,Matchweek 25,Home,Real Madrid,Villarreal,Y,sin dato,51,0-0,Sergio Asenjo,sin dato
416,417,2015-02-22,La Liga,Matchweek 24,Away,Real Madrid,Elche,Y,sin dato,69,1-0,Przemysław Tytoń,Isco
417,418,2015-02-18,Champions Lg,Round of 16,Away,Real Madrid,Schalke 04,Y,sin dato,26,0-0,Timon Wellenreuther,Dani Carvajal
418,419,2015-01-18,La Liga,Matchweek 19,Away,Real Madrid,Getafe,Y,sin dato,79,2-0,Jordi Codina,James Rodríguez
419,420,2015-01-18,La Liga,Matchweek 19,Away,Real Madrid,Getafe,Y,sin dato,63,0-0,Jordi Codina,Karim Benzema
420,421,2015-01-15,Copa del Rey,Round of 16,Home,Real Madrid,Atlético Madrid,Y,sin dato,54,1-2,Jan Oblak,sin dato
421,422,2015-01-04,La Liga,Matchweek 17,Away,Real Madrid,Valencia,Y,sin dato,14,0-0,Diego Alves,sin dato
422,423,2014-12-12,La Liga,Matchweek 15,Away,Real Madrid,Almería,Y,sin dato,85,3-1,Rubén,Dani Carvajal
423,424,2014-12-12,La Liga,Matchweek 15,Away,Real Madrid,Almería,Y,sin dato,81,2-1,Rubén,Karim Benzema
424,425,2014-12-09,Champions Lg,Group stage,Home,Real Madrid,Ludogorets,Y,sin dato,20,0-0,Vladislav Stoyanov,sin dato
425,426,2014-12-06,La Liga,Matchweek 14,Home,Real Madrid,Celta Vigo,Y,sin dato,82,2-0,Sergio Álvarez,Marcelo
426,427,2014-12-06,La Liga,Matchweek 14,Home,Real Madrid,Celta Vigo,Y,sin dato,66,1-0,Sergio Álvarez,sin dato
427,428,2014-12-06,La Liga,Matchweek 14,Home,Real Madrid,Celta Vigo,Y,sin dato,35,0-0,Sergio Álvarez,sin dato
428,429,2014-11-26,Champions Lg,Group stage,Away,Real Madrid,Basel,Y,sin dato,35,0-0,Tomáš Vaclík,Karim Benzema
429,430,2014-11-22,La Liga,Matchweek 12,Away,Real Madrid,Eibar,Y,sin dato,82,3-0,Xabi Irureta,sin dato
430,431,2014-11-22,La Liga,Matchweek 12,Away,Real Madrid,Eibar,Y,sin dato,44,1-0,Xabi Irureta,Dani Carvajal
431,432,2014-11-14,UEFA Euro Qualifying,Group stage,Home,Portugal,Armenia,Y*,sin dato,72,0-0,Roman Berezovsky,Nani
432,433,2014-11-08,La Liga,Matchweek 11,Home,Real Madrid,Rayo Vallecano,Y,sin dato,83,4-1,Cristian Álvarez,Isco
433,434,2014-11-01,La Liga,Matchweek 10,Away,Real Madrid,Granada,Y,sin dato,2,0-0,Roberto,Karim Benzema
434,435,2014-10-25,La Liga,Matchweek 9,Home,Real Madrid,Barcelona,Y,sin dato,34,0-1,Claudio Bravo,sin dato
435,436,2014-10-22,Champions Lg,Group stage,Away,Real Madrid,Liverpool,Y,sin dato,23,0-0,Simon Mignolet,James Rodríguez
436,437,2014-10-18,La Liga,Matchweek 8,Away,Real Madrid,Levante,Y,sin dato,61,2-0,Diego Mariño,Isco
437,438,2014-10-18,La Liga,Matchweek 8,Away,Real Madrid,Levante,Y,sin dato,13,0-0,Diego Mariño,sin dato
438,439,2014-10-14,UEFA Euro Qualifying,Group stage,Away,Portugal,Denmark,Y*,sin dato,90+5,0-0,Kasper Schmeichel,Ricardo Quaresma
439,440,2014-10-05,La Liga,Matchweek 7,Home,Real Madrid,Athletic Club,Y,sin dato,89,4-0,Gorka Iraizoz,Pepe
440,441,2014-10-05,La Liga,Matchweek 7,Home,Real Madrid,Athletic Club,Y,sin dato,55,2-0,Gorka Iraizoz,Gareth Bale
441,442,2014-10-05,La Liga,Matchweek 7,Home,Real Madrid,Athletic Club,Y,sin dato,2,0-0,Gorka Iraizoz,Gareth Bale
442,443,2014-10-01,Champions Lg,Group stage,Away,Real Madrid,Ludogorets,Y,sin dato,25,0-1,Vladislav Stoyanov,sin dato
443,444,2014-09-27,La Liga,Matchweek 6,Away,Real Madrid,Villarreal,Y,sin dato,40,1-0,Sergio Asenjo,Karim Benzema
444,445,2014-09-23,La Liga,Matchweek 5,Home,Real Madrid,Elche,Y,sin dato,90+2,4-1,Manu Herrera,Gareth Bale
445,446,2014-09-23,La Liga,Matchweek 5,Home,Real Madrid,Elche,Y,sin dato,80,3-1,Manu Herrera,sin dato
446,447,2014-09-23,La Liga,Matchweek 5,Home,Real Madrid,Elche,Y,sin dato,32,2-1,Manu Herrera,Marcelo
447,448,2014-09-23,La Liga,Matchweek 5,Home,Real Madrid,Elche,Y,sin dato,28,1-1,Manu Herrera,sin dato
448,449,2014-09-20,La Liga,Matchweek 4,Away,Real Madrid,La Coruña,Y,sin dato,78,5-1,Germán Lux,James Rodríguez
449,450,2014-09-20,La Liga,Matchweek 4,Away,Real Madrid,La Coruña,Y,sin dato,41,2-0,Germán Lux,Karim Benzema
450,451,2014-09-20,La Liga,Matchweek 4,Away,Real Madrid,La Coruña,Y,sin dato,29,0-0,Germán Lux,Álvaro Arbeloa
451,452,2014-09-16,Champions Lg,Group stage,Home,Real Madrid,Basel,Y,sin dato,31,2-0,Tomáš Vaclík,Gareth Bale
452,453,2014-09-13,La Liga,Matchweek 3,Home,Real Madrid,Atlético Madrid,Y,sin dato,26,0-1,Miguel Ángel Moyá,sin dato
453,454,2014-08-25,La Liga,Matchweek 1,Home,Real Madrid,Córdoba,Y,sin dato,90,1-0,Juan Carlos,Isco
454,455,2014-08-12,Super Cup,UEFA Super Cup,Neutral,Real Madrid,Sevilla,Y,sin dato,49,1-0,Beto,Karim Benzema
455,456,2014-08-12,Super Cup,UEFA Super Cup,Neutral,Real Madrid,Sevilla,Y,sin dato,30,0-0,Beto,Gareth Bale
456,457,2014-06-26,World Cup,Group stage,Neutral,Portugal,Ghana,Y,sin dato,80,1-1,Fatau Dauda,sin dato
457,458,2014-05-24,Champions Lg,Final,Neutral,Real Madrid,Atlético Madrid,Y,sin dato,120,3-1,sin dato,sin dato
458,459,2014-05-04,La Liga,Matchweek 36,Home,Real Madrid,Valencia,Y,sin dato,89,1-2,Diego Alves,sin dato
459,460,2014-04-29,Champions Lg,Semi-finals,Away,Real Madrid,Bayern Munich,Y,sin dato,90,3-0,sin dato,sin dato
460,461,2014-04-29,Champions Lg,Semi-finals,Away,Real Madrid,Bayern Munich,Y,sin dato,34,2-0,sin dato,sin dato
461,462,2014-04-26,La Liga,Matchweek 35,Home,Real Madrid,Osasuna,Y,sin dato,52,1-0,Andrés Fernández,sin dato
462,463,2014-04-26,La Liga,Matchweek 35,Home,Real Madrid,Osasuna,Y,sin dato,6,0-0,Andrés Fernández,sin dato
463,464,2014-04-02,Champions Lg,Quarter-finals,Home,Real Madrid,Dortmund,Y,sin dato,57,2-0,sin dato,sin dato
464,465,2014-03-29,La Liga,Matchweek 31,Home,Real Madrid,Rayo Vallecano,Y,sin dato,14,0-0,Rubén,sin dato
465,466,2014-03-26,La Liga,Matchweek 30,Away,Real Madrid,Sevilla,Y,sin dato,14,0-0,Beto,sin dato
466,467,2014-03-23,La Liga,Matchweek 29,Home,Real Madrid,Barcelona,Y,sin dato,55,2-2,Víctor Valdés,sin dato
467,468,2014-03-18,Champions Lg,Round of 16,Home,Real Madrid,Schalke 04,Y,sin dato,73,1-1,sin dato,sin dato
468,469,2014-03-18,Champions Lg,Round of 16,Home,Real Madrid,Schalke 04,Y,sin dato,21,0-0,sin dato,sin dato
469,470,2014-03-15,La Liga,Matchweek 28,Away,Real Madrid,Málaga,Y,sin dato,22,0-0,Willy Caballero,sin dato
470,471,2014-03-09,La Liga,Matchweek 27,Home,Real Madrid,Levante,Y,sin dato,10,0-0,Keylor Navas,sin dato
471,472,2014-03-05,Friendlies (M),Friendlies (M),Home,Portugal,Cameroon,Y*,sin dato,83,4-1,Guy N'dy Assembé,Miguel Veloso
472,473,2014-03-05,Friendlies (M),Friendlies (M),Home,Portugal,Cameroon,Y*,sin dato,21,0-0,Charles Itandje,João Pereira
473,474,2014-03-02,La Liga,Matchweek 26,Away,Real Madrid,Atlético Madrid,Y,sin dato,81,1-2,Thibaut Courtois,sin dato
474,475,2014-02-26,Champions Lg,Round of 16,Away,Real Madrid,Schalke 04,Y,sin dato,89,5-0,sin dato,sin dato
475,476,2014-02-26,Champions Lg,Round of 16,Away,Real Madrid,Schalke 04,Y,sin dato,52,2-0,sin dato,sin dato
476,477,2014-01-25,La Liga,Matchweek 21,Home,Real Madrid,Granada,Y,sin dato,57,0-0,Roberto,sin dato
477,478,2014-01-18,La Liga,Matchweek 20,Away,Real Madrid,Betis,Y,sin dato,10,0-0,Stephan Andersen,sin dato
478,479,2014-01-06,La Liga,Matchweek 18,Home,Real Madrid,Celta Vigo,Y,sin dato,89,2-0,Yoel,sin dato
479,480,2014-01-06,La Liga,Matchweek 18,Home,Real Madrid,Celta Vigo,Y,sin dato,82,1-0,Yoel,sin dato
480,481,2013-12-22,La Liga,Matchweek 17,Away,Real Madrid,Valencia,Y,sin dato,39,1-1,Vicente Guaita,sin dato
481,482,2013-12-10,Champions Lg,Group stage,Away,Real Madrid,FC Copenhagen,Y,sin dato,48,1-0,sin dato,sin dato
482,483,2013-11-23,La Liga,Matchweek 14,Away,Real Madrid,Almería,Y,sin dato,3,0-0,Esteban,sin dato
483,484,2013-11-19,WCQ,Second round,Away,Portugal,Sweden,Y*,sin dato,79,2-2,Andreas Isaksson,João Moutinho
484,485,2013-11-19,WCQ,Second round,Away,Portugal,Sweden,Y*,sin dato,77,1-2,Andreas Isaksson,Hugo Almeida
485,486,2013-11-19,WCQ,Second round,Away,Portugal,Sweden,Y*,sin dato,50,0-0,Andreas Isaksson,João Moutinho
486,487,2013-11-15,WCQ,Second round,Home,Portugal,Sweden,Y*,sin dato,82,0-0,Andreas Isaksson,Miguel Veloso
487,488,2013-11-09,La Liga,Matchweek 13,Home,Real Madrid,Real Sociedad,Y,sin dato,76,4-1,Claudio Bravo,sin dato
488,489,2013-11-09,La Liga,Matchweek 13,Home,Real Madrid,Real Sociedad,Y,sin dato,26,2-0,Claudio Bravo,sin dato
489,490,2013-11-09,La Liga,Matchweek 13,Home,Real Madrid,Real Sociedad,Y,sin dato,11,0-0,Claudio Bravo,sin dato
490,491,2013-11-05,Champions Lg,Group stage,Away,Real Madrid,Juventus,Y,sin dato,52,0-1,sin dato,sin dato
491,492,2013-11-02,La Liga,Matchweek 12,Away,Real Madrid,Rayo Vallecano,Y,sin dato,48,2-0,Rubén,sin dato
492,493,2013-11-02,La Liga,Matchweek 12,Away,Real Madrid,Rayo Vallecano,Y,sin dato,2,0-0,Rubén,sin dato
493,494,2013-10-30,La Liga,Matchweek 11,Home,Real Madrid,Sevilla,Y,sin dato,71,5-3,Beto,sin dato
494,495,2013-10-30,La Liga,Matchweek 11,Home,Real Madrid,Sevilla,Y,sin dato,60,4-2,Beto,sin dato
495,496,2013-10-30,La Liga,Matchweek 11,Home,Real Madrid,Sevilla,Y,sin dato,31,2-0,Beto,sin dato
496,497,2013-10-23,Champions Lg,Group stage,Home,Real Madrid,Juventus,Y,sin dato,29,1-1,sin dato,sin dato
497,498,2013-10-23,Champions Lg,Group stage,Home,Real Madrid,Juventus,Y,sin dato,4,0-0,sin dato,sin dato
498,499,2013-10-19,La Liga,Matchweek 9,Home,Real Madrid,Málaga,Y,sin dato,89,1-0,Willy Caballero,sin dato
499,500,2013-10-05,La Liga,Matchweek 8,Away,Real Madrid,Levante,Y,sin dato,90,2-2,Keylor Navas,sin dato
500,501,2013-10-02,Champions Lg,Group stage,Home,Real Madrid,FC Copenhagen,Y,sin dato,65,1-0,sin dato,sin dato
501,502,2013-10-02,Champions Lg,Group stage,Home,Real Madrid,FC Copenhagen,Y,sin dato,21,0-0,sin dato,sin dato
502,503,2013-09-25,La Liga,Matchweek 6,Away,Real Madrid,Elche,Y,sin dato,88,1-1,Manu Herrera,sin dato
503,504,2013-09-25,La Liga,Matchweek 6,Away,Real Madrid,Elche,Y,sin dato,51,0-0,Manu Herrera,sin dato
504,505,2013-09-22,La Liga,Matchweek 5,Home,Real Madrid,Getafe,Y,sin dato,89,3-1,Miguel Ángel Moyá,sin dato
505,506,2013-09-22,La Liga,Matchweek 5,Home,Real Madrid,Getafe,Y,sin dato,33,1-1,Miguel Ángel Moyá,sin dato
506,507,2013-09-17,Champions Lg,Group stage,Away,Real Madrid,Galatasaray,Y,sin dato,90+1,5-1,sin dato,sin dato
507,508,2013-09-17,Champions Lg,Group stage,Away,Real Madrid,Galatasaray,Y,sin dato,66,3-0,sin dato,sin dato
508,509,2013-09-17,Champions Lg,Group stage,Away,Real Madrid,Galatasaray,Y,sin dato,63,2-0,sin dato,sin dato
509,510,2013-09-14,La Liga,Matchweek 4,Away,Real Madrid,Villarreal,Y,sin dato,63,1-1,Sergio Asenjo,sin dato
510,511,2013-09-06,WCQ,First round,Away,Portugal,Northern Ireland,Y*,sin dato,83,3-2,Roy Carroll,sin dato
511,512,2013-09-06,WCQ,First round,Away,Portugal,Northern Ireland,Y*,sin dato,77,2-2,Roy Carroll,Fábio Coentrão
512,513,2013-09-06,WCQ,First round,Away,Portugal,Northern Ireland,Y*,sin dato,68,1-2,Roy Carroll,João Moutinho
513,514,2013-09-01,La Liga,Matchweek 3,Home,Real Madrid,Athletic Club,Y,sin dato,44,1-0,Iago Herrerín,sin dato
514,515,2013-05-08,La Liga,Matchweek 36,Home,Real Madrid,Málaga,Y,sin dato,26,1-1,Willy Caballero,sin dato
515,516,2013-05-04,La Liga,Matchweek 34,Home,Real Madrid,Valladolid,Y,sin dato,70,3-2,Jaime,sin dato
516,517,2013-05-04,La Liga,Matchweek 34,Home,Real Madrid,Valladolid,Y,sin dato,32,1-1,Jaime,sin dato
517,518,2013-04-24,Champions Lg,Semi-finals,Away,Real Madrid,Dortmund,Y,sin dato,43,0-1,sin dato,sin dato
518,519,2013-04-14,La Liga,Matchweek 31,Away,Real Madrid,Athletic Club,Y,sin dato,68,1-0,Gorka Iraizoz,sin dato
519,520,2013-04-14,La Liga,Matchweek 31,Away,Real Madrid,Athletic Club,Y,sin dato,2,0-0,Gorka Iraizoz,sin dato
520,521,2013-04-09,Champions Lg,Quarter-finals,Away,Real Madrid,Galatasaray,Y,sin dato,90+2,1-3,sin dato,sin dato
521,522,2013-04-09,Champions Lg,Quarter-finals,Away,Real Madrid,Galatasaray,Y,sin dato,7,0-0,sin dato,sin dato
522,523,2013-04-06,La Liga,Matchweek 30,Home,Real Madrid,Levante,N,sin dato,84,2-1,Gustavo Munúa,sin dato
523,524,2013-04-03,Champions Lg,Quarter-finals,Home,Real Madrid,Galatasaray,Y,sin dato,9,0-0,sin dato,sin dato
524,525,2013-03-30,La Liga,Matchweek 29,Away,Real Madrid,Zaragoza,Y,sin dato,38,0-1,Roberto,sin dato
525,526,2013-03-16,La Liga,Matchweek 28,Home,Real Madrid,Mallorca,Y,sin dato,51,1-2,Dudu Aouate,sin dato
526,527,2013-03-10,La Liga,Matchweek 27,Away,Real Madrid,Celta Vigo,Y,sin dato,71,1-1,Javi Varas,sin dato
527,528,2013-03-10,La Liga,Matchweek 27,Away,Real Madrid,Celta Vigo,Y,sin dato,61,0-0,Javi Varas,sin dato
528,529,2013-03-05,Champions Lg,Round of 16,Away,Real Madrid,Manchester Utd,Y,sin dato,69,1-1,sin dato,sin dato
529,530,2013-02-13,Champions Lg,Round of 16,Home,Real Madrid,Manchester Utd,Y,sin dato,30,0-1,sin dato,sin dato
530,531,2013-02-09,La Liga,Matchweek 23,Home,Real Madrid,Sevilla,Y,sin dato,58,3-0,Beto,sin dato
531,532,2013-02-09,La Liga,Matchweek 23,Home,Real Madrid,Sevilla,Y,sin dato,46,2-0,Beto,sin dato
532,533,2013-02-09,La Liga,Matchweek 23,Home,Real Madrid,Sevilla,Y,sin dato,25,1-0,Beto,sin dato
533,534,2013-01-27,La Liga,Matchweek 21,Home,Real Madrid,Getafe,Y,sin dato,71,3-0,Miguel Ángel Moyá,sin dato
534,535,2013-01-27,La Liga,Matchweek 21,Home,Real Madrid,Getafe,Y,sin dato,65,2-0,Miguel Ángel Moyá,sin dato
535,536,2013-01-27,La Liga,Matchweek 21,Home,Real Madrid,Getafe,Y,sin dato,62,1-0,Miguel Ángel Moyá,sin dato
536,537,2013-01-20,La Liga,Matchweek 20,Away,Real Madrid,Valencia,Y,sin dato,41,3-0,Diego Alves,sin dato
537,538,2013-01-20,La Liga,Matchweek 20,Away,Real Madrid,Valencia,Y,sin dato,35,2-0,Diego Alves,sin dato
538,539,2013-01-06,La Liga,Matchweek 18,Home,Real Madrid,Real Sociedad,Y,sin dato,70,3-2,Claudio Bravo,sin dato
539,540,2013-01-06,La Liga,Matchweek 18,Home,Real Madrid,Real Sociedad,Y,sin dato,67,2-2,Claudio Bravo,sin dato
540,541,2012-12-16,La Liga,Matchweek 16,Home,Real Madrid,Espanyol,Y,sin dato,44,0-1,Kiko Casilla,sin dato
541,542,2012-12-04,Champions Lg,Group stage,Home,Real Madrid,Ajax,Y,sin dato,13,0-0,sin dato,sin dato
542,543,2012-12-01,La Liga,Matchweek 14,Home,Real Madrid,Atlético Madrid,Y,sin dato,15,0-0,Thibaut Courtois,sin dato
543,544,2012-11-11,La Liga,Matchweek 11,Away,Real Madrid,Levante,Y,sin dato,20,0-0,Gustavo Munúa,sin dato
544,545,2012-10-28,La Liga,Matchweek 9,Away,Real Madrid,Mallorca,Y,sin dato,73,3-0,Dudu Aouate,sin dato
545,546,2012-10-28,La Liga,Matchweek 9,Away,Real Madrid,Mallorca,Y,sin dato,22,1-0,Dudu Aouate,sin dato
546,547,2012-10-24,Champions Lg,Group stage,Away,Real Madrid,Dortmund,Y,sin dato,38,0-1,sin dato,sin dato
547,548,2012-10-20,La Liga,Matchweek 8,Home,Real Madrid,Celta Vigo,Y,sin dato,67,1-0,Sergio Álvarez,sin dato
548,549,2012-10-07,La Liga,Matchweek 7,Away,Real Madrid,Barcelona,Y,sin dato,66,1-2,Víctor Valdés,sin dato
549,550,2012-10-07,La Liga,Matchweek 7,Away,Real Madrid,Barcelona,Y,sin dato,22,0-0,Víctor Valdés,sin dato
550,551,2012-10-03,Champions Lg,Group stage,Away,Real Madrid,Ajax,Y,sin dato,81,3-1,sin dato,sin dato
551,552,2012-10-03,Champions Lg,Group stage,Away,Real Madrid,Ajax,Y,sin dato,79,2-1,sin dato,sin dato
552,553,2012-10-03,Champions Lg,Group stage,Away,Real Madrid,Ajax,Y,sin dato,42,0-0,sin dato,sin dato
553,554,2012-09-30,La Liga,Matchweek 6,Home,Real Madrid,La Coruña,Y,sin dato,84,4-1,Daniel Aranzubia,sin dato
554,555,2012-09-30,La Liga,Matchweek 6,Home,Real Madrid,La Coruña,Y,sin dato,44,2-1,Daniel Aranzubia,sin dato
555,556,2012-09-30,La Liga,Matchweek 6,Home,Real Madrid,La Coruña,Y,sin dato,23,0-1,Daniel Aranzubia,sin dato
556,557,2012-09-24,La Liga,Matchweek 5,Away,Real Madrid,Rayo Vallecano,Y,sin dato,69,1-0,Rubén,sin dato
557,558,2012-09-18,Champions Lg,Group stage,Home,Real Madrid,Manchester City,Y,sin dato,90,2-2,sin dato,sin dato
558,559,2012-09-07,WCQ,First round,Away,Portugal,Luxembourg,Y*,sin dato,28,0-1,Jonathan Joubert,João Moutinho
559,560,2012-09-02,La Liga,Matchweek 3,Home,Real Madrid,Granada,Y,sin dato,53,1-0,Toño,sin dato
560,561,2012-09-02,La Liga,Matchweek 3,Home,Real Madrid,Granada,Y,sin dato,25,0-0,Toño,sin dato
561,562,2012-06-21,UEFA Euro,Quarter-finals,Away,Portugal,Czechia,Y*,sin dato,79,0-0,Petr Čech,João Moutinho
562,563,2012-06-17,UEFA Euro,Group stage,Home,Portugal,Netherlands,Y*,sin dato,74,1-1,Maarten Stekelenburg,Nani
563,564,2012-06-17,UEFA Euro,Group stage,Home,Portugal,Netherlands,Y*,sin dato,28,0-1,Maarten Stekelenburg,João Pereira
564,565,2012-05-13,La Liga,Matchweek 38,Home,Real Madrid,Mallorca,Y,sin dato,18,0-0,Dudu Aouate,sin dato
565,566,2012-05-05,La Liga,Matchweek 37,Away,Real Madrid,Granada,Y,sin dato,81,0-1,Júlio César,sin dato
566,567,2012-05-02,La Liga,Matchweek 20,Away,Real Madrid,Athletic Club,Y,sin dato,49,2-0,Gorka Iraizoz,sin dato
567,568,2012-04-29,La Liga,Matchweek 36,Home,Real Madrid,Sevilla,Y,sin dato,19,0-0,Javi Varas,sin dato
568,569,2012-04-25,Champions Lg,Semi-finals,Home,Real Madrid,Bayern Munich,Y,sin dato,14,1-0,sin dato,sin dato
569,570,2012-04-25,Champions Lg,Semi-finals,Home,Real Madrid,Bayern Munich,Y,sin dato,6,0-0,sin dato,sin dato
570,571,2012-04-21,La Liga,Matchweek 35,Away,Real Madrid,Barcelona,Y,sin dato,72,1-1,Víctor Valdés,sin dato
571,572,2012-04-14,La Liga,Matchweek 34,Home,Real Madrid,Sporting Gijón,Y,sin dato,73,1-1,Juan Pablo Colinas,sin dato
572,573,2012-04-11,La Liga,Matchweek 33,Away,Real Madrid,Atlético Madrid,Y,sin dato,82,2-1,Thibaut Courtois,sin dato
573,574,2012-04-11,La Liga,Matchweek 33,Away,Real Madrid,Atlético Madrid,Y,sin dato,67,1-1,Thibaut Courtois,sin dato
574,575,2012-04-11,La Liga,Matchweek 33,Away,Real Madrid,Atlético Madrid,Y,sin dato,24,0-0,Thibaut Courtois,sin dato
575,576,2012-04-04,Champions Lg,Quarter-finals,Home,Real Madrid,APOEL FC,Y,sin dato,75,2-1,sin dato,sin dato
576,577,2012-04-04,Champions Lg,Quarter-finals,Home,Real Madrid,APOEL FC,Y,sin dato,26,0-0,sin dato,sin dato
577,578,2012-03-31,La Liga,Matchweek 31,Away,Real Madrid,Osasuna,Y,sin dato,69,3-1,Andrés Fernández,sin dato
578,579,2012-03-31,La Liga,Matchweek 31,Away,Real Madrid,Osasuna,Y,sin dato,36,1-0,Andrés Fernández,sin dato
579,580,2012-03-24,La Liga,Matchweek 30,Home,Real Madrid,Real Sociedad,Y,sin dato,56,4-1,Claudio Bravo,sin dato
580,581,2012-03-24,La Liga,Matchweek 30,Home,Real Madrid,Real Sociedad,Y,sin dato,31,1-0,Claudio Bravo,sin dato
581,582,2012-03-21,La Liga,Matchweek 29,Away,Real Madrid,Villarreal,Y,sin dato,61,0-0,Diego López,sin dato
582,583,2012-03-14,Champions Lg,Round of 16,Home,Real Madrid,CSKA Moscow,Y,sin dato,90+4,3-1,sin dato,sin dato
583,584,2012-03-14,Champions Lg,Round of 16,Home,Real Madrid,CSKA Moscow,Y,sin dato,55,1-0,sin dato,sin dato
584,585,2012-03-10,La Liga,Matchweek 27,Away,Real Madrid,Betis,Y,sin dato,72,2-2,Fabricio,sin dato
585,586,2012-03-10,La Liga,Matchweek 27,Away,Real Madrid,Betis,Y,sin dato,51,1-1,Fabricio,sin dato
586,587,2012-03-04,La Liga,Matchweek 26,Home,Real Madrid,Espanyol,Y,sin dato,23,0-0,Kiko Casilla,sin dato
587,588,2012-02-26,La Liga,Matchweek 25,Away,Real Madrid,Rayo Vallecano,Y,sin dato,53,0-0,Joel Robles,sin dato
588,589,2012-02-21,Champions Lg,Round of 16,Away,Real Madrid,CSKA Moscow,Y,sin dato,28,0-0,sin dato,sin dato
589,590,2012-02-18,La Liga,Matchweek 24,Home,Real Madrid,Racing Sant,Y,sin dato,6,0-0,Toño,sin dato
590,591,2012-02-12,La Liga,Matchweek 23,Home,Real Madrid,Levante,Y,sin dato,56,2-1,Gustavo Munúa,sin dato
591,592,2012-02-12,La Liga,Matchweek 23,Home,Real Madrid,Levante,Y,sin dato,50,1-1,Gustavo Munúa,sin dato
592,593,2012-02-12,La Liga,Matchweek 23,Home,Real Madrid,Levante,Y,sin dato,44,0-1,Gustavo Munúa,sin dato
593,594,2012-01-28,La Liga,Matchweek 21,Home,Real Madrid,Zaragoza,Y,sin dato,49,1-1,Roberto,sin dato
594,595,2012-01-22,La Liga,Matchweek 1,Home,Real Madrid,Athletic Club,Y,sin dato,67,2-1,Gorka Iraizoz,sin dato
595,596,2012-01-22,La Liga,Matchweek 1,Home,Real Madrid,Athletic Club,Y,sin dato,47,1-1,Gorka Iraizoz,sin dato
596,597,2012-01-07,La Liga,Matchweek 18,Home,Real Madrid,Granada,Y,sin dato,88,4-1,Roberto,sin dato
597,598,2011-12-17,La Liga,Matchweek 17,Away,Real Madrid,Sevilla,Y,sin dato,83,4-1,Javi Varas,sin dato
598,599,2011-12-17,La Liga,Matchweek 17,Away,Real Madrid,Sevilla,Y,sin dato,36,1-0,Javi Varas,sin dato
599,600,2011-12-17,La Liga,Matchweek 17,Away,Real Madrid,Sevilla,Y,sin dato,10,0-0,Javi Varas,sin dato
600,601,2011-12-03,La Liga,Matchweek 15,Away,Real Madrid,Sporting Gijón,Y,sin dato,64,1-0,Juan Pablo Colinas,sin dato
601,602,2011-11-26,La Liga,Matchweek 14,Home,Real Madrid,Atlético Madrid,Y,sin dato,82,3-1,sin dato,sin dato
602,603,2011-11-26,La Liga,Matchweek 14,Home,Real Madrid,Atlético Madrid,Y,sin dato,23,0-1,sin dato,sin dato
603,604,2011-11-19,La Liga,Matchweek 13,Away,Real Madrid,Valencia,Y,sin dato,79,2-1,Diego Alves,sin dato
604,605,2011-11-15,UEFA Euro Qualifying,Play-off Round,Home,Portugal,Bosnia & Herz'na,Y*,sin dato,53,2-1,Asmir Begović,sin dato
605,606,2011-11-15,UEFA Euro Qualifying,Play-off Round,Home,Portugal,Bosnia & Herz'na,Y*,sin dato,8,0-0,Asmir Begović,sin dato
606,607,2011-11-06,La Liga,Matchweek 12,Home,Real Madrid,Osasuna,Y,sin dato,58,4-1,Andrés Fernández,sin dato
607,608,2011-11-06,La Liga,Matchweek 12,Home,Real Madrid,Osasuna,Y,sin dato,54,3-1,Andrés Fernández,sin dato
608,609,2011-11-06,La Liga,Matchweek 12,Home,Real Madrid,Osasuna,Y,sin dato,22,0-0,Andrés Fernández,sin dato
609,610,2011-11-02,Champions Lg,Group stage,Away,Real Madrid,Lyon,Y,sin dato,69,1-0,sin dato,sin dato
610,611,2011-11-02,Champions Lg,Group stage,Away,Real Madrid,Lyon,Y,sin dato,24,0-0,sin dato,sin dato
611,612,2011-10-22,La Liga,Matchweek 9,Away,Real Madrid,Málaga,Y,sin dato,37,3-0,Rubén,sin dato
612,613,2011-10-22,La Liga,Matchweek 9,Away,Real Madrid,Málaga,Y,sin dato,27,2-0,Rubén,sin dato
613,614,2011-10-22,La Liga,Matchweek 9,Away,Real Madrid,Málaga,Y,sin dato,23,1-0,Rubén,sin dato
614,615,2011-10-11,UEFA Euro Qualifying,Group stage,Away,Portugal,Denmark,Y*,sin dato,90+2,0-2,Thomas Sørensen,sin dato
615,616,2011-09-27,Champions Lg,Group stage,Home,Real Madrid,Ajax,Y,sin dato,25,0-0,sin dato,sin dato
616,617,2011-09-24,La Liga,Matchweek 6,Home,Real Madrid,Rayo Vallecano,Y,sin dato,84,5-2,Dani Giménez,sin dato
617,618,2011-09-24,La Liga,Matchweek 6,Home,Real Madrid,Rayo Vallecano,Y,sin dato,51,2-1,Dani Giménez,sin dato
618,619,2011-09-24,La Liga,Matchweek 6,Home,Real Madrid,Rayo Vallecano,Y,sin dato,39,0-1,Dani Giménez,sin dato
619,620,2011-09-10,La Liga,Matchweek 3,Home,Real Madrid,Getafe,Y,sin dato,59,1-1,Miguel Ángel Moyá,sin dato
620,621,2011-09-02,UEFA Euro Qualifying,Group stage,Away,Portugal,Cyprus,Y*,sin dato,82,1-0,Antonis Georgallides,sin dato
621,622,2011-09-02,UEFA Euro Qualifying,Group stage,Away,Portugal,Cyprus,Y*,sin dato,35,0-0,Antonis Georgallides,sin dato
622,623,2011-08-28,La Liga,Matchweek 2,Away,Real Madrid,Zaragoza,Y,sin dato,86,5-0,Roberto,sin dato
623,624,2011-08-28,La Liga,Matchweek 2,Away,Real Madrid,Zaragoza,Y,sin dato,70,3-0,Roberto,sin dato
624,625,2011-08-28,La Liga,Matchweek 2,Away,Real Madrid,Zaragoza,Y,sin dato,23,0-0,Roberto,sin dato
625,626,2011-05-21,La Liga,Matchweek 38,Home,Real Madrid,Almería,Y,sin dato,76,6-1,Esteban,sin dato
626,627,2011-05-21,La Liga,Matchweek 38,Home,Real Madrid,Almería,Y,sin dato,4,0-0,Esteban,sin dato
627,628,2011-05-15,La Liga,Matchweek 37,Away,Real Madrid,Villarreal,Y,sin dato,89,2-1,Diego López,sin dato
628,629,2011-05-15,La Liga,Matchweek 37,Away,Real Madrid,Villarreal,Y,sin dato,21,1-0,Diego López,sin dato
629,630,2011-05-10,La Liga,Matchweek 36,Home,Real Madrid,Getafe,Y,sin dato,90,3-0,Óscar Ustari,sin dato
630,631,2011-05-10,La Liga,Matchweek 36,Home,Real Madrid,Getafe,Y,sin dato,57,1-0,Óscar Ustari,sin dato
631,632,2011-05-10,La Liga,Matchweek 36,Home,Real Madrid,Getafe,Y,sin dato,23,0-0,Óscar Ustari,sin dato
632,633,2011-05-07,La Liga,Matchweek 35,Away,Real Madrid,Sevilla,Y,sin dato,75,5-1,Javi Varas,sin dato
633,634,2011-05-07,La Liga,Matchweek 35,Away,Real Madrid,Sevilla,Y,sin dato,70,4-1,Javi Varas,sin dato
634,635,2011-05-07,La Liga,Matchweek 35,Away,Real Madrid,Sevilla,Y,sin dato,65,3-1,Javi Varas,sin dato
635,636,2011-05-07,La Liga,Matchweek 35,Away,Real Madrid,Sevilla,Y,sin dato,31,1-0,Javi Varas,sin dato
636,637,2011-04-16,La Liga,Matchweek 32,Home,Real Madrid,Barcelona,Y,sin dato,81,0-1,Víctor Valdés,sin dato
637,638,2011-04-13,Champions Lg,Quarter-finals,Away,Real Madrid,Tottenham,Y,sin dato,50,0-0,sin dato,sin dato
638,639,2011-04-09,La Liga,Matchweek 31,Away,Real Madrid,Athletic Club,N,sin dato,70,2-0,Gorka Iraizoz,sin dato
639,640,2011-04-05,Champions Lg,Quarter-finals,Home,Real Madrid,Tottenham,Y,sin dato,87,3-0,sin dato,sin dato
640,641,2011-03-03,La Liga,Matchweek 26,Home,Real Madrid,Málaga,Y,sin dato,76,6-0,Willy Caballero,sin dato
641,642,2011-03-03,La Liga,Matchweek 26,Home,Real Madrid,Málaga,Y,sin dato,67,5-0,Willy Caballero,sin dato
642,643,2011-03-03,La Liga,Matchweek 26,Home,Real Madrid,Málaga,Y,sin dato,50,3-0,Willy Caballero,sin dato
643,644,2011-02-06,La Liga,Matchweek 22,Home,Real Madrid,Real Sociedad,Y,sin dato,42,2-0,Claudio Bravo,sin dato
644,645,2011-02-06,La Liga,Matchweek 22,Home,Real Madrid,Real Sociedad,Y,sin dato,20,1-0,Claudio Bravo,sin dato
645,646,2011-01-09,La Liga,Matchweek 18,Home,Real Madrid,Villarreal,Y,sin dato,78,2-2,Diego López,sin dato
646,647,2011-01-09,La Liga,Matchweek 18,Home,Real Madrid,Villarreal,Y,sin dato,44,1-2,Diego López,sin dato
647,648,2011-01-09,La Liga,Matchweek 18,Home,Real Madrid,Villarreal,Y,sin dato,8,0-1,Diego López,sin dato
648,649,2011-01-03,La Liga,Matchweek 17,Away,Real Madrid,Getafe,Y,sin dato,57,2-1,Jordi Codina,sin dato
649,650,2011-01-03,La Liga,Matchweek 17,Away,Real Madrid,Getafe,Y,sin dato,11,0-0,Jordi Codina,sin dato
650,651,2010-12-12,La Liga,Matchweek 15,Away,Real Madrid,Zaragoza,Y,sin dato,44,1-0,Leo Franco,sin dato
651,652,2010-12-08,Champions Lg,Group stage,Home,Real Madrid,Auxerre,Y,sin dato,49,1-0,sin dato,sin dato
652,653,2010-12-04,La Liga,Matchweek 14,Home,Real Madrid,Valencia,Y,sin dato,86,1-0,Vicente Guaita,sin dato
653,654,2010-12-04,La Liga,Matchweek 14,Home,Real Madrid,Valencia,Y,sin dato,72,0-0,Vicente Guaita,sin dato
654,655,2010-11-23,Champions Lg,Group stage,Away,Real Madrid,Ajax,Y,sin dato,81,3-0,sin dato,sin dato
655,656,2010-11-23,Champions Lg,Group stage,Away,Real Madrid,Ajax,Y,sin dato,70,2-0,sin dato,sin dato
656,657,2010-11-20,La Liga,Matchweek 12,Home,Real Madrid,Athletic Club,Y,sin dato,90+2,4-1,Gorka Iraizoz,sin dato
657,658,2010-11-20,La Liga,Matchweek 12,Home,Real Madrid,Athletic Club,Y,sin dato,62,3-1,Gorka Iraizoz,sin dato
658,659,2010-11-20,La Liga,Matchweek 12,Home,Real Madrid,Athletic Club,Y,sin dato,30,1-0,Gorka Iraizoz,sin dato
659,660,2010-10-30,La Liga,Matchweek 9,Away,Real Madrid,Hércules,Y,sin dato,86,2-1,Juan Calatayud,sin dato
660,661,2010-10-30,La Liga,Matchweek 9,Away,Real Madrid,Hércules,Y,sin dato,82,1-1,Juan Calatayud,sin dato
661,662,2010-10-23,La Liga,Matchweek 8,Home,Real Madrid,Racing Sant,Y,sin dato,55,4-0,Toño,sin dato
662,663,2010-10-23,La Liga,Matchweek 8,Home,Real Madrid,Racing Sant,Y,sin dato,47,3-0,Toño,sin dato
663,664,2010-10-23,La Liga,Matchweek 8,Home,Real Madrid,Racing Sant,Y,sin dato,26,2-0,Toño,sin dato
664,665,2010-10-23,La Liga,Matchweek 8,Home,Real Madrid,Racing Sant,Y,sin dato,15,1-0,Toño,sin dato
665,666,2010-10-19,Champions Lg,Group stage,Home,Real Madrid,Milan,Y,sin dato,13,0-0,sin dato,sin dato
666,667,2010-10-16,La Liga,Matchweek 7,Away,Real Madrid,Málaga,Y,sin dato,50,2-0,Rodrigo Galatto,sin dato
667,668,2010-10-16,La Liga,Matchweek 7,Away,Real Madrid,Málaga,Y,sin dato,44,1-0,Rodrigo Galatto,sin dato
668,669,2010-10-12,UEFA Euro Qualifying,Group stage,Away,Portugal,Iceland,Y*,sin dato,3,0-0,Gunnleifur Gunnleifsson,sin dato
669,670,2010-10-08,UEFA Euro Qualifying,Group stage,Home,Portugal,Denmark,Y*,sin dato,85,2-1,Anders Lindegaard,sin dato
670,671,2010-10-03,La Liga,Matchweek 6,Home,Real Madrid,La Coruña,Y,sin dato,89,5-1,Manu,sin dato
671,672,2010-10-03,La Liga,Matchweek 6,Home,Real Madrid,La Coruña,Y,sin dato,4,0-0,Manu,sin dato
672,673,2010-09-21,La Liga,Matchweek 4,Home,Real Madrid,Espanyol,Y,sin dato,28,0-0,Carlos Kameni,sin dato
673,674,2010-06-21,World Cup,Group stage,Neutral,Portugal,Korea DPR,Y,sin dato,87,5-0,Ri Myong-guk,sin dato
674,675,2010-05-08,La Liga,Matchweek 37,Home,Real Madrid,Athletic Club,Y,sin dato,22,0-0,Gorka Iraizoz,sin dato
675,676,2010-05-05,La Liga,Matchweek 36,Away,Real Madrid,Mallorca,Y,sin dato,72,2-1,Dudu Aouate,sin dato
676,677,2010-05-05,La Liga,Matchweek 36,Away,Real Madrid,Mallorca,Y,sin dato,57,1-1,Dudu Aouate,sin dato
677,678,2010-05-05,La Liga,Matchweek 36,Away,Real Madrid,Mallorca,Y,sin dato,26,0-1,Dudu Aouate,sin dato
678,679,2010-05-02,La Liga,Matchweek 35,Home,Real Madrid,Osasuna,Y,sin dato,89,2-2,Ricardo,sin dato
679,680,2010-05-02,La Liga,Matchweek 35,Home,Real Madrid,Osasuna,Y,sin dato,24,0-1,Ricardo,sin dato
680,681,2010-04-18,La Liga,Matchweek 33,Home,Real Madrid,Valencia,Y,sin dato,78,1-0,César Sánchez,sin dato
681,682,2010-04-15,La Liga,Matchweek 32,Away,Real Madrid,Almería,Y,sin dato,27,0-1,Diego Alves,sin dato
682,683,2010-04-04,La Liga,Matchweek 30,Away,Real Madrid,Racing Sant,Y,sin dato,23,0-0,Fabio Coltorti,sin dato
683,684,2010-03-25,La Liga,Matchweek 28,Away,Real Madrid,Getafe,Y,sin dato,37,3-0,Óscar Ustari,sin dato
684,685,2010-03-25,La Liga,Matchweek 28,Away,Real Madrid,Getafe,Y,sin dato,13,0-0,Óscar Ustari,sin dato
685,686,2010-03-14,La Liga,Matchweek 26,Away,Real Madrid,Valladolid,Y,sin dato,28,0-0,Justo Villar,sin dato
686,687,2010-03-10,Champions Lg,Round of 16,Home,Real Madrid,Lyon,Y,sin dato,6,0-0,sin dato,sin dato
687,688,2010-03-06,La Liga,Matchweek 25,Home,Real Madrid,Sevilla,Y,sin dato,59,0-2,Andrés Palop,sin dato
688,689,2010-02-27,La Liga,Matchweek 24,Away,Real Madrid,Tenerife,Y,sin dato,79,3-1,Sergio Aragoneses,sin dato
689,690,2010-02-21,La Liga,Matchweek 23,Home,Real Madrid,Villarreal,Y,sin dato,18,0-0,Diego López,sin dato
690,691,2010-02-13,La Liga,Matchweek 22,Away,Real Madrid,Xerez,Y,sin dato,71,2-0,Renan Brito Soares,sin dato
691,692,2010-02-13,La Liga,Matchweek 22,Away,Real Madrid,Xerez,Y,sin dato,69,1-0,Renan Brito Soares,sin dato
692,693,2010-01-24,La Liga,Matchweek 19,Home,Real Madrid,Málaga,Y,sin dato,39,1-0,Gustavo Munúa,sin dato
693,694,2010-01-24,La Liga,Matchweek 19,Home,Real Madrid,Málaga,Y,sin dato,35,0-0,Gustavo Munúa,sin dato
694,695,2009-12-19,La Liga,Matchweek 15,Home,Real Madrid,Zaragoza,Y,sin dato,49,4-0,Javier López Vallejo,sin dato
695,696,2009-12-08,Champions Lg,Group stage,Away,Real Madrid,Marseille,Y,sin dato,80,2-1,sin dato,sin dato
696,697,2009-12-08,Champions Lg,Group stage,Away,Real Madrid,Marseille,Y,sin dato,5,0-0,sin dato,sin dato
697,698,2009-12-05,La Liga,Matchweek 13,Home,Real Madrid,Almería,Y,sin dato,84,3-2,Diego Alves,sin dato
698,699,2009-09-30,Champions Lg,Group stage,Home,Real Madrid,Marseille,Y,sin dato,64,2-0,sin dato,sin dato
699,700,2009-09-30,Champions Lg,Group stage,Home,Real Madrid,Marseille,Y,sin dato,58,0-0,sin dato,sin dato
700,701,2009-09-23,La Liga,Matchweek 4,Away,Real Madrid,Villarreal,Y,sin dato,1,0-0,Diego López,sin dato
701,702,2009-09-20,La Liga,Matchweek 3,Home,Real Madrid,Xerez,Y,sin dato,75,1-0,Renan Brito Soares,sin dato
702,703,2009-09-20,La Liga,Matchweek 3,Home,Real Madrid,Xerez,Y,sin dato,1,0-0,Renan Brito Soares,sin dato
703,704,2009-09-15,Champions Lg,Group stage,Away,Real Madrid,Zürich,Y,sin dato,89,3-2,sin dato,sin dato
704,705,2009-09-15,Champions Lg,Group stage,Away,Real Madrid,Zürich,Y,sin dato,27,0-0,sin dato,sin dato
705,706,2009-09-12,La Liga,Matchweek 2,Away,Real Madrid,Espanyol,N,sin dato,89,2-0,Carlos Kameni,sin dato
706,707,2009-08-29,La Liga,Matchweek 1,Home,Real Madrid,La Coruña,Y,sin dato,34,1-1,Daniel Aranzubia,sin dato
707,708,2009-05-10,Premier League,Matchweek 36,Home,Manchester Utd,Manchester City,Y,sin dato,18,0-0,Shay Given,sin dato
708,709,2009-05-05,Champions Lg,Semi-finals,Away,Manchester Utd,Arsenal,Y,sin dato,61,2-0,sin dato,sin dato
709,710,2009-05-05,Champions Lg,Semi-finals,Away,Manchester Utd,Arsenal,Y,sin dato,11,1-0,sin dato,sin dato
710,711,2009-04-25,Premier League,Matchweek 34,Home,Manchester Utd,Tottenham,Y,sin dato,68,2-2,Heurelho Gomes,Wayne Rooney
711,712,2009-04-25,Premier League,Matchweek 34,Home,Manchester Utd,Tottenham,Y,sin dato,57,0-2,Heurelho Gomes,sin dato
712,713,2009-04-15,Champions Lg,Quarter-finals,Away,Manchester Utd,Porto,Y,sin dato,6,0-0,sin dato,sin dato
713,714,2009-04-05,Premier League,Matchweek 31,Home,Manchester Utd,Aston Villa,Y,sin dato,80,1-2,Brad Friedel,Michael Carrick
714,715,2009-04-05,Premier League,Matchweek 31,Home,Manchester Utd,Aston Villa,Y,sin dato,14,0-0,Brad Friedel,Ryan Giggs
715,716,2009-03-14,Premier League,Matchweek 29,Home,Manchester Utd,Liverpool,Y,sin dato,23,0-0,Pepe Reina,sin dato
716,717,2009-03-11,Champions Lg,Round of 16,Home,Manchester Utd,Inter,Y,sin dato,49,1-0,sin dato,sin dato
717,718,2009-02-21,Premier League,Matchweek 26,Home,Manchester Utd,Blackburn,Y,sin dato,60,1-1,Paul Robinson,sin dato
718,719,2009-01-31,Premier League,Matchweek 24,Home,Manchester Utd,Everton,Y,sin dato,44,0-0,Tim Howard,sin dato
719,720,2009-01-27,Premier League,Matchweek 23,Away,Manchester Utd,West Brom,Y,sin dato,73,4-0,Scott Carson,Dimitar Berbatov
720,721,2009-01-27,Premier League,Matchweek 23,Away,Manchester Utd,West Brom,Y,sin dato,65,3-0,Scott Carson,Ryan Giggs
721,722,2008-11-15,Premier League,Matchweek 13,Home,Manchester Utd,Stoke City,Y,sin dato,89,4-0,Thomas Sørensen,sin dato
722,723,2008-11-15,Premier League,Matchweek 13,Home,Manchester Utd,Stoke City,Y,sin dato,3,0-0,Thomas Sørensen,sin dato
723,724,2008-11-01,Premier League,Matchweek 11,Home,Manchester Utd,Hull City,Y,sin dato,44,2-1,Boaz Myhill,Nani
724,725,2008-11-01,Premier League,Matchweek 11,Home,Manchester Utd,Hull City,Y,sin dato,3,0-0,Boaz Myhill,Dimitar Berbatov
725,726,2008-10-29,Premier League,Matchweek 10,Home,Manchester Utd,West Ham,Y,sin dato,30,1-0,Robert Green,Dimitar Berbatov
726,727,2008-10-29,Premier League,Matchweek 10,Home,Manchester Utd,West Ham,Y,sin dato,14,0-0,Robert Green,Nani
727,728,2008-10-18,Premier League,Matchweek 8,Home,Manchester Utd,West Brom,Y,sin dato,69,1-0,Scott Carson,Wayne Rooney
728,729,2008-09-27,Premier League,Matchweek 6,Home,Manchester Utd,Bolton,Y,sin dato,60,0-0,Jussi Jääskeläinen,sin dato
729,730,2008-06-11,UEFA Euro,Group stage,Away,Portugal,Czechia,Y,sin dato,63,1-1,Petr Čech,sin dato
730,731,2008-05-21,Champions Lg,Final,Neutral,Manchester Utd,Chelsea,Y,sin dato,26,0-0,sin dato,sin dato
731,732,2008-05-11,Premier League,Matchweek 38,Away,Manchester Utd,Wigan Athletic,Y,sin dato,33,0-0,Chris Kirkland,sin dato
732,733,2008-05-03,Premier League,Matchweek 37,Home,Manchester Utd,West Ham,Y,sin dato,24,1-0,Robert Green,Owen Hargreaves
733,734,2008-05-03,Premier League,Matchweek 37,Home,Manchester Utd,West Ham,Y,sin dato,3,0-0,Robert Green,Nani
734,735,2008-04-13,Premier League,Matchweek 34,Home,Manchester Utd,Arsenal,Y,sin dato,54,0-1,Jens Lehmann,sin dato
735,736,2008-04-06,Premier League,Matchweek 33,Away,Manchester Utd,Middlesbrough,Y,sin dato,10,0-0,Mark Schwarzer,Michael Carrick
736,737,2008-04-01,Champions Lg,Quarter-finals,Away,Manchester Utd,Roma,Y,sin dato,39,0-0,sin dato,sin dato
737,738,2008-03-29,Premier League,Matchweek 32,Home,Manchester Utd,Aston Villa,Y,sin dato,17,0-0,Scott Carson,sin dato
738,739,2008-03-23,Premier League,Matchweek 31,Home,Manchester Utd,Liverpool,Y,sin dato,79,1-0,Pepe Reina,Nani
739,740,2008-03-19,Premier League,Matchweek 29,Home,Manchester Utd,Bolton,Y,sin dato,19,1-0,Ali Al-Habsi,sin dato
740,741,2008-03-19,Premier League,Matchweek 29,Home,Manchester Utd,Bolton,Y,sin dato,9,0-0,Ali Al-Habsi,sin dato
741,742,2008-03-15,Premier League,Matchweek 30,Away,Manchester Utd,Derby County,Y,sin dato,76,0-0,Roy Carroll,Wayne Rooney
742,743,2008-03-04,Champions Lg,Round of 16,Home,Manchester Utd,Lyon,Y,sin dato,41,0-0,sin dato,sin dato
743,744,2008-02-23,Premier League,Matchweek 27,Away,Manchester Utd,Newcastle Utd,Y,sin dato,56,2-0,Steve Harper,Darren Fletcher
744,745,2008-02-23,Premier League,Matchweek 27,Away,Manchester Utd,Newcastle Utd,Y,sin dato,45,1-0,Shay Given,Michael Carrick
745,746,2008-01-30,Premier League,Matchweek 24,Home,Manchester Utd,Portsmouth,Y,sin dato,13,1-0,David James,sin dato
746,747,2008-01-30,Premier League,Matchweek 24,Home,Manchester Utd,Portsmouth,Y,sin dato,10,0-0,David James,Nani
747,748,2008-01-19,Premier League,Matchweek 23,Away,Manchester Utd,Reading,Y,sin dato,90+3,1-0,Marcus Hahnemann,Darren Fletcher
748,749,2008-01-12,Premier League,Matchweek 22,Home,Manchester Utd,Newcastle Utd,Y,sin dato,88,4-0,Shay Given,sin dato
749,750,2008-01-12,Premier League,Matchweek 22,Home,Manchester Utd,Newcastle Utd,Y,sin dato,70,2-0,Shay Given,Carlos Tevez
750,751,2008-01-12,Premier League,Matchweek 22,Home,Manchester Utd,Newcastle Utd,Y,sin dato,49,0-0,Shay Given,sin dato
751,752,2007-12-29,Premier League,Matchweek 20,Away,Manchester Utd,West Ham,Y,sin dato,14,0-0,Robert Green,Ryan Giggs
752,753,2007-12-26,Premier League,Matchweek 19,Away,Manchester Utd,Sunderland,Y,sin dato,45,2-0,Craig Gordon,sin dato
753,754,2007-12-23,Premier League,Matchweek 18,Home,Manchester Utd,Everton,Y,sin dato,88,1-1,Tim Howard,sin dato
754,755,2007-12-23,Premier League,Matchweek 18,Home,Manchester Utd,Everton,Y,sin dato,22,0-0,Tim Howard,Carlos Tevez
755,756,2007-12-08,Premier League,Matchweek 16,Home,Manchester Utd,Derby County,Y,sin dato,90,3-1,Stephen Bywater,sin dato
756,757,2007-12-03,Premier League,Matchweek 15,Home,Manchester Utd,Fulham,Y,sin dato,58,1-0,Antti Niemi,John O'Shea
757,758,2007-12-03,Premier League,Matchweek 15,Home,Manchester Utd,Fulham,Y,sin dato,10,0-0,Antti Niemi,Nemanja Vidić
758,759,2007-11-27,Champions Lg,Group stage,Home,Manchester Utd,Sporting CP,Y,sin dato,90+2,1-1,sin dato,sin dato
759,760,2007-11-11,Premier League,Matchweek 13,Home,Manchester Utd,Blackburn,Y,sin dato,35,1-0,Brad Friedel,Carlos Tevez
760,761,2007-11-11,Premier League,Matchweek 13,Home,Manchester Utd,Blackburn,Y,sin dato,34,0-0,Brad Friedel,Ryan Giggs
761,762,2007-11-07,Champions Lg,Group stage,Home,Manchester Utd,Dynamo Kyiv,Y,sin dato,88,3-0,sin dato,sin dato
762,763,2007-11-03,Premier League,Matchweek 12,Away,Manchester Utd,Arsenal,Y,sin dato,82,1-1,Manuel Almunia,Patrice Evra
763,764,2007-10-23,Champions Lg,Group stage,Away,Manchester Utd,Dynamo Kyiv,Y,sin dato,68,3-1,sin dato,sin dato
764,765,2007-10-23,Champions Lg,Group stage,Away,Manchester Utd,Dynamo Kyiv,Y,sin dato,41,2-1,sin dato,sin dato
765,766,2007-10-17,UEFA Euro Qualifying,Group stage,Away,Portugal,Kazakhstan,Y*,sin dato,90+1,1-0,David Loria,sin dato
766,767,2007-10-06,Premier League,Matchweek 9,Home,Manchester Utd,Wigan Athletic,Y,sin dato,76,2-0,Chris Kirkland,sin dato
767,768,2007-10-06,Premier League,Matchweek 9,Home,Manchester Utd,Wigan Athletic,Y,sin dato,59,1-0,Chris Kirkland,sin dato
768,769,2007-09-29,Premier League,Matchweek 8,Away,Manchester Utd,Birmingham City,Y,sin dato,51,0-0,Maik Taylor,Rio Ferdinand
769,770,2007-09-19,Champions Lg,Group stage,Away,Manchester Utd,Sporting CP,Y,sin dato,62,0-0,sin dato,sin dato
770,771,2007-09-08,UEFA Euro Qualifying,Group stage,Home,Portugal,Poland,Y,sin dato,73,1-1,Artur Boruc,sin dato
771,772,2007-08-22,UEFA Euro Qualifying,Group stage,Away,Portugal,Armenia,Y,sin dato,37,0-1,Roman Berezovsky,sin dato
772,773,2007-05-05,Premier League,Matchweek 37,Away,Manchester Utd,Manchester City,Y,sin dato,34,0-0,Andreas Isaksson,sin dato
773,774,2007-04-24,Champions Lg,Semi-finals,Home,Manchester Utd,Milan,Y,sin dato,5,0-0,sin dato,sin dato
774,775,2007-04-10,Champions Lg,Quarter-finals,Home,Manchester Utd,Roma,Y,sin dato,49,4-0,sin dato,sin dato
775,776,2007-04-10,Champions Lg,Quarter-finals,Home,Manchester Utd,Roma,Y,sin dato,44,3-0,sin dato,sin dato
776,777,2007-03-24,UEFA Euro Qualifying,Group stage,Home,Portugal,Belgium,Y,sin dato,75,3-0,Stijn Stijnen,sin dato
777,778,2007-03-24,UEFA Euro Qualifying,Group stage,Home,Portugal,Belgium,Y,sin dato,55,1-0,Stijn Stijnen,sin dato
778,779,2007-02-24,Premier League,Matchweek 28,Away,Manchester Utd,Fulham,Y,sin dato,88,1-1,Jan Laštůvka,Mikaël Silvestre
779,780,2007-02-04,Premier League,Matchweek 26,Away,Manchester Utd,Tottenham,Y,sin dato,45,0-0,Paul Robinson,sin dato
780,781,2007-01-31,Premier League,Matchweek 25,Home,Manchester Utd,Watford,Y,sin dato,20,0-0,Richard Lee,sin dato
781,782,2007-01-13,Premier League,Matchweek 23,Home,Manchester Utd,Aston Villa,Y,sin dato,35,2-0,Thomas Sørensen,Michael Carrick
782,783,2006-12-30,Premier League,Matchweek 21,Home,Manchester Utd,Reading,Y,sin dato,77,2-1,Marcus Hahnemann,Ryan Giggs
783,784,2006-12-30,Premier League,Matchweek 21,Home,Manchester Utd,Reading,Y,sin dato,59,1-1,Marcus Hahnemann,sin dato
784,785,2006-12-26,Premier League,Matchweek 20,Home,Manchester Utd,Wigan Athletic,N,sin dato,51,1-0,Chris Kirkland,sin dato
785,786,2006-12-26,Premier League,Matchweek 20,Home,Manchester Utd,Wigan Athletic,N,sin dato,47,0-0,Chris Kirkland,Paul Scholes
786,787,2006-12-23,Premier League,Matchweek 19,Away,Manchester Utd,Aston Villa,Y,sin dato,85,2-0,Gábor Király,Gary Neville
787,788,2006-12-23,Premier League,Matchweek 19,Away,Manchester Utd,Aston Villa,Y,sin dato,58,0-0,Gábor Király,sin dato
788,789,2006-12-09,Premier League,Matchweek 17,Home,Manchester Utd,Manchester City,Y,sin dato,84,2-1,sin dato,sin dato
789,790,2006-11-29,Premier League,Matchweek 15,Home,Manchester Utd,Everton,Y,sin dato,39,0-0,Richard Wright,sin dato
790,791,2006-11-15,UEFA Euro Qualifying,Group stage,Home,Portugal,Kazakhstan,Y,sin dato,30,1-0,David Loria,sin dato
791,792,2006-11-04,Premier League,Matchweek 11,Home,Manchester Utd,Portsmouth,Y,sin dato,10,1-0,David James,sin dato
792,793,2006-10-28,Premier League,Matchweek 10,Away,Manchester Utd,Bolton,Y,sin dato,82,2-0,Jussi Jääskeläinen,Louis Saha
793,794,2006-10-07,UEFA Euro Qualifying,Group stage,Home,Portugal,Azerbaijan,Y,sin dato,63,2-0,Farhad Valiyev,sin dato
794,795,2006-10-07,UEFA Euro Qualifying,Group stage,Home,Portugal,Azerbaijan,Y,sin dato,24,0-0,Farhad Valiyev,sin dato
795,796,2006-09-23,Premier League,Matchweek 6,Away,Manchester Utd,Reading,Y,sin dato,73,0-1,Marcus Hahnemann,John O'Shea
796,797,2006-08-20,Premier League,Matchweek 1,Home,Manchester Utd,Fulham,Y,sin dato,19,3-0,Antti Niemi,Wayne Rooney
797,798,2006-06-17,World Cup,Group stage,Neutral,Portugal,IR Iran,Y,sin dato,80,1-0,Ebrahim Mirzapour,sin dato
798,799,2006-05-07,Premier League,Matchweek 38,Home,Manchester Utd,Charlton Ath,Y,sin dato,23,1-0,Stephan Andersen,Wes Brown
799,800,2006-03-06,Premier League,Matchweek 28,Away,Manchester Utd,Wigan Athletic,Y,sin dato,74,0-1,John Filan,Ruud van Nistelrooy
800,801,2006-02-11,Premier League,Matchweek 26,Away,Manchester Utd,Portsmouth,Y,sin dato,45+1,2-0,Dean Kiely,Wayne Rooney
801,802,2006-02-11,Premier League,Matchweek 26,Away,Manchester Utd,Portsmouth,Y,sin dato,38,1-0,Dean Kiely,sin dato
802,803,2006-02-04,Premier League,Matchweek 25,Home,Manchester Utd,Fulham,Y,sin dato,86,3-2,Antti Niemi,sin dato
803,804,2006-02-04,Premier League,Matchweek 25,Home,Manchester Utd,Fulham,Y,sin dato,14,1-0,Antti Niemi,sin dato
804,805,2005-12-31,Premier League,Matchweek 20,Home,Manchester Utd,Bolton,Y,sin dato,90,3-1,Jussi Jääskeläinen,Ruud van Nistelrooy
805,806,2005-12-31,Premier League,Matchweek 20,Home,Manchester Utd,Bolton,Y,sin dato,68,2-1,Jussi Jääskeläinen,Wayne Rooney
806,807,2005-10-29,Premier League,Matchweek 11,Away,Manchester Utd,Middlesbrough,N,sin dato,90+4,0-4,Mark Schwarzer,Paul Scholes
807,808,2005-08-09,Champions Lg,Third qualifying round,Home,Manchester Utd,Debrecen,Y,sin dato,63,2-0,sin dato,sin dato
808,809,2005-06-08,WCQ,First round,Away,Portugal,Estonia,Y,sin dato,32,0-0,Artur Kotenko,sin dato
809,810,2005-06-04,WCQ,First round,Home,Portugal,Slovakia,Y,sin dato,42,1-0,Kamil Čontofalský,sin dato
810,811,2005-03-19,Premier League,Matchweek 30,Home,Manchester Utd,Fulham,Y,sin dato,21,0-0,Edwin van der Sar,Roy Keane
811,812,2005-02-01,Premier League,Matchweek 25,Away,Manchester Utd,Arsenal,Y,sin dato,58,2-2,Manuel Almunia,Ryan Giggs
812,813,2005-02-01,Premier League,Matchweek 25,Away,Manchester Utd,Arsenal,Y,sin dato,54,1-2,Manuel Almunia,Ryan Giggs
813,814,2005-01-22,Premier League,Matchweek 24,Home,Manchester Utd,Aston Villa,Y,sin dato,8,0-0,Thomas Sørensen,Louis Saha
814,815,2004-12-04,Premier League,Matchweek 16,Home,Manchester Utd,Southampton,Y,sin dato,87,2-0,Kasey Keller,Gary Neville
815,816,2004-11-17,WCQ,First round,Away,Portugal,Luxembourg,Y,sin dato,28,1-0,Alija Bešić,sin dato
816,817,2004-10-13,WCQ,First round,Home,Portugal,Russia,Y,sin dato,69,3-0,Vyacheslav Malafeev,sin dato
817,818,2004-10-13,WCQ,First round,Home,Portugal,Russia,Y,sin dato,39,1-0,Vyacheslav Malafeev,sin dato
818,819,2004-09-08,WCQ,First round,Home,Portugal,Estonia,Y,sin dato,75,0-0,Mart Poom,sin dato
819,820,2004-09-04,WCQ,First round,Away,Portugal,Latvia,Y,sin dato,57,0-0,Aleksandrs Koļinko,sin dato
820,821,2004-06-30,UEFA Euro,Semi-finals,Home,Portugal,Netherlands,Y,sin dato,26,0-0,Edwin van der Sar,sin dato
821,822,2004-06-12,UEFA Euro,Group stage,Home,Portugal,Greece,N,sin dato,90+3,0-2,Antonios Nikopolidis,sin dato
822,823,2004-05-15,Premier League,Matchweek 38,Away,Manchester Utd,Aston Villa,Y,sin dato,4,0-0,Thomas Sørensen,sin dato
823,824,2004-04-10,Premier League,Matchweek 32,Away,Manchester Utd,Birmingham City,N,sin dato,60,0-1,Maik Taylor,Ryan Giggs
824,825,2004-03-20,Premier League,Matchweek 29,Home,Manchester Utd,Tottenham,N,sin dato,89,1-0,Kasey Keller,Roy Keane
825,826,2003-11-01,Premier League,Matchweek 11,Home,Manchester Utd,Portsmouth,N,sin dato,80,1-0,Shaka Hislop,sin dato
826,827,2002-10-26,Primeira Liga,Matchweek 8,Away,Sporting CP,Boavista,N,sin dato,88,1-1,sin dato,sin dato
827,828,2002-10-07,Primeira Liga,Matchweek 6,Home,Sporting CP,Moreirense,Y,sin dato,90,2-0,sin dato,sin dato
828,829,2002-10-07,Primeira Liga,Matchweek 6,Home,Sporting CP,Moreirense,Y,sin dato,34,1-0,sin dato,sin dato
